Driver,DriverName,Team,EventName,Points,TotalPoints,GridPosition,FinishPosition,HeadshotUrl
PIA,Oscar Piastri,McLaren,Australian,2.0,284,2,9,https://media.formula1.com/d_driver_fallback_image.png/content/dam/fom-website/drivers/O/OSCPIA01_Oscar_Piastri/oscpia01.png.transform/1col/image.png
PIA,Oscar Piastri,McLaren,Chinese,32.0,284,1,1,https://media.formula1.com/d_driver_fallback_image.png/content/dam/fom-website/drivers/O/OSCPIA01_Oscar_Piastri/oscpia01.png.transform/1col/image.png
PIA,Oscar Piastri,McLaren,Japanese,15.0,284,3,3,https://media.formula1.com/d_driver_fallback_image.png/content/dam/fom-website/drivers/O/OSCPIA01_Oscar_Piastri/oscpia01.png.transform/1col/image.png
PIA,Oscar Piastri,McLaren,Bahrain,25.0,284,1,1,https://media.formula1.com/d_driver_fallback_image.png/content/dam/fom-website/drivers/O/OSCPIA01_Oscar_Piastri/oscpia01.png.transform/1col/image.png
PIA,Oscar Piastri,McLaren,Saudi Arabian,25.0,284,2,1,https://media.formula1.com/d_driver_fallback_image.png/content/dam/fom-website/drivers/O/OSCPIA01_Oscar_Piastri/oscpia01.png.transform/1col/image.png
PIA,Oscar Piastri,McLaren,Miami,32.0,284,4,1,https://media.formula1.com/d_driver_fallback_image.png/content/dam/fom-website/drivers/O/OSCPIA01_Oscar_Piastri/oscpia01.png.transform/1col/image.png
PIA,Oscar Piastri,McLaren,Emilia Romagna,15.0,284,1,3,https://media.formula1.com/d_driver_fallback_image.png/content/dam/fom-website/drivers/O/OSCPIA01_Oscar_Piastri/oscpia01.png.transform/1col/image.png
PIA,Oscar Piastri,McLaren,Monaco,15.0,284,3,3,https://media.formula1.com/d_driver_fallback_image.png/content/dam/fom-website/drivers/O/OSCPIA01_Oscar_Piastri/oscpia01.png.transform/1col/image.png
PIA,Oscar Piastri,McLaren,Spanish,25.0,284,1,1,https://media.formula1.com/d_driver_fallback_image.png/content/dam/fom-website/drivers/O/OSCPIA01_Oscar_Piastri/oscpia01.png.transform/1col/image.png
PIA,Oscar Piastri,McLaren,Canadian,12.0,284,3,4,https://media.formula1.com/d_driver_fallback_image.png/content/dam/fom-website/drivers/O/OSCPIA01_Oscar_Piastri/oscpia01.png.transform/1col/image.png
PIA,Oscar Piastri,McLaren,Austrian,18.0,284,3,2,https://media.formula1.com/d_driver_fallback_image.png/content/dam/fom-website/drivers/O/OSCPIA01_Oscar_Piastri/oscpia01.png.transform/1col/image.png
PIA,Oscar Piastri,McLaren,British,18.0,284,2,2,https://media.formula1.com/d_driver_fallback_image.png/content/dam/fom-website/drivers/O/OSCPIA01_Oscar_Piastri/oscpia01.png.transform/1col/image.png
PIA,Oscar Piastri,McLaren,Belgian,32.0,284,2,1,https://media.formula1.com/d_driver_fallback_image.png/content/dam/fom-website/drivers/O/OSCPIA01_Oscar_Piastri/oscpia01.png.transform/1col/image.png
PIA,Oscar Piastri,McLaren,Hungarian,18.0,284,2,2,https://media.formula1.com/d_driver_fallback_image.png/content/dam/fom-website/drivers/O/OSCPIA01_Oscar_Piastri/oscpia01.png.transform/1col/image.png
NOR,Lando Norris,McLaren,Australian,25.0,275,1,1,https://media.formula1.com/d_driver_fallback_image.png/content/dam/fom-website/drivers/L/LANNOR01_Lando_Norris/lannor01.png.transform/1col/image.png
NOR,Lando Norris,McLaren,Chinese,19.0,275,3,2,https://media.formula1.com/d_driver_fallback_image.png/content/dam/fom-website/drivers/L/LANNOR01_Lando_Norris/lannor01.png.transform/1col/image.png
NOR,Lando Norris,McLaren,Japanese,18.0,275,2,2,https://media.formula1.com/d_driver_fallback_image.png/content/dam/fom-website/drivers/L/LANNOR01_Lando_Norris/lannor01.png.transform/1col/image.png
NOR,Lando Norris,McLaren,Bahrain,15.0,275,6,3,https://media.formula1.com/d_driver_fallback_image.png/content/dam/fom-website/drivers/L/LANNOR01_Lando_Norris/lannor01.png.transform/1col/image.png
NOR,Lando Norris,McLaren,Saudi Arabian,12.0,275,10,4,https://media.formula1.com/d_driver_fallback_image.png/content/dam/fom-website/drivers/L/LANNOR01_Lando_Norris/lannor01.png.transform/1col/image.png
NOR,Lando Norris,McLaren,Miami,26.0,275,2,2,https://media.formula1.com/d_driver_fallback_image.png/content/dam/fom-website/drivers/L/LANNOR01_Lando_Norris/lannor01.png.transform/1col/image.png
NOR,Lando Norris,McLaren,Emilia Romagna,18.0,275,4,2,https://media.formula1.com/d_driver_fallback_image.png/content/dam/fom-website/drivers/L/LANNOR01_Lando_Norris/lannor01.png.transform/1col/image.png
NOR,Lando Norris,McLaren,Monaco,25.0,275,1,1,https://media.formula1.com/d_driver_fallback_image.png/content/dam/fom-website/drivers/L/LANNOR01_Lando_Norris/lannor01.png.transform/1col/image.png
NOR,Lando Norris,McLaren,Spanish,18.0,275,2,2,https://media.formula1.com/d_driver_fallback_image.png/content/dam/fom-website/drivers/L/LANNOR01_Lando_Norris/lannor01.png.transform/1col/image.png
NOR,Lando Norris,McLaren,Canadian,0.0,275,7,18,https://media.formula1.com/d_driver_fallback_image.png/content/dam/fom-website/drivers/L/LANNOR01_Lando_Norris/lannor01.png.transform/1col/image.png
NOR,Lando Norris,McLaren,Austrian,25.0,275,1,1,https://media.formula1.com/d_driver_fallback_image.png/content/dam/fom-website/drivers/L/LANNOR01_Lando_Norris/lannor01.png.transform/1col/image.png
NOR,Lando Norris,McLaren,British,25.0,275,3,1,https://media.formula1.com/d_driver_fallback_image.png/content/dam/fom-website/drivers/L/LANNOR01_Lando_Norris/lannor01.png.transform/1col/image.png
NOR,Lando Norris,McLaren,Belgian,24.0,275,1,2,https://media.formula1.com/d_driver_fallback_image.png/content/dam/fom-website/drivers/L/LANNOR01_Lando_Norris/lannor01.png.transform/1col/image.png
NOR,Lando Norris,McLaren,Hungarian,25.0,275,3,1,https://media.formula1.com/d_driver_fallback_image.png/content/dam/fom-website/drivers/L/LANNOR01_Lando_Norris/lannor01.png.transform/1col/image.png
VER,Max Verstappen,Red Bull Racing,Australian,18.0,187,3,2,https://media.formula1.com/d_driver_fallback_image.png/content/dam/fom-website/drivers/M/MAXVER01_Max_Verstappen/maxver01.png.transform/1col/image.png
VER,Max Verstappen,Red Bull Racing,Chinese,18.0,187,4,4,https://media.formula1.com/d_driver_fallback_image.png/content/dam/fom-website/drivers/M/MAXVER01_Max_Verstappen/maxver01.png.transform/1col/image.png
VER,Max Verstappen,Red Bull Racing,Japanese,25.0,187,1,1,https://media.formula1.com/d_driver_fallback_image.png/content/dam/fom-website/drivers/M/MAXVER01_Max_Verstappen/maxver01.png.transform/1col/image.png
VER,Max Verstappen,Red Bull Racing,Bahrain,8.0,187,7,6,https://media.formula1.com/d_driver_fallback_image.png/content/dam/fom-website/drivers/M/MAXVER01_Max_Verstappen/maxver01.png.transform/1col/image.png
VER,Max Verstappen,Red Bull Racing,Saudi Arabian,18.0,187,1,2,https://media.formula1.com/d_driver_fallback_image.png/content/dam/fom-website/drivers/M/MAXVER01_Max_Verstappen/maxver01.png.transform/1col/image.png
VER,Max Verstappen,Red Bull Racing,Miami,12.0,187,1,4,https://media.formula1.com/d_driver_fallback_image.png/content/dam/fom-website/drivers/M/MAXVER01_Max_Verstappen/maxver01.png.transform/1col/image.png
VER,Max Verstappen,Red Bull Racing,Emilia Romagna,25.0,187,2,1,https://media.formula1.com/d_driver_fallback_image.png/content/dam/fom-website/drivers/M/MAXVER01_Max_Verstappen/maxver01.png.transform/1col/image.png
VER,Max Verstappen,Red Bull Racing,Monaco,12.0,187,4,4,https://media.formula1.com/d_driver_fallback_image.png/content/dam/fom-website/drivers/M/MAXVER01_Max_Verstappen/maxver01.png.transform/1col/image.png
VER,Max Verstappen,Red Bull Racing,Spanish,1.0,187,3,10,https://media.formula1.com/d_driver_fallback_image.png/content/dam/fom-website/drivers/M/MAXVER01_Max_Verstappen/maxver01.png.transform/1col/image.png
VER,Max Verstappen,Red Bull Racing,Canadian,18.0,187,2,2,https://media.formula1.com/d_driver_fallback_image.png/content/dam/fom-website/drivers/M/MAXVER01_Max_Verstappen/maxver01.png.transform/1col/image.png
VER,Max Verstappen,Red Bull Racing,Austrian,0.0,187,7,18,https://media.formula1.com/d_driver_fallback_image.png/content/dam/fom-website/drivers/M/MAXVER01_Max_Verstappen/maxver01.png.transform/1col/image.png
VER,Max Verstappen,Red Bull Racing,British,10.0,187,1,5,https://media.formula1.com/d_driver_fallback_image.png/content/dam/fom-website/drivers/M/MAXVER01_Max_Verstappen/maxver01.png.transform/1col/image.png
VER,Max Verstappen,Red Bull Racing,Belgian,20.0,187,4,4,https://media.formula1.com/d_driver_fallback_image.png/content/dam/fom-website/drivers/M/MAXVER01_Max_Verstappen/maxver01.png.transform/1col/image.png
VER,Max Verstappen,Red Bull Racing,Hungarian,2.0,187,8,9,https://media.formula1.com/d_driver_fallback_image.png/content/dam/fom-website/drivers/M/MAXVER01_Max_Verstappen/maxver01.png.transform/1col/image.png
RUS,George Russell,Mercedes,Australian,15.0,172,4,3,https://media.formula1.com/d_driver_fallback_image.png/content/dam/fom-website/drivers/G/GEORUS01_George_Russell/georus01.png.transform/1col/image.png
RUS,George Russell,Mercedes,Chinese,20.0,172,2,3,https://media.formula1.com/d_driver_fallback_image.png/content/dam/fom-website/drivers/G/GEORUS01_George_Russell/georus01.png.transform/1col/image.png
RUS,George Russell,Mercedes,Japanese,10.0,172,5,5,https://media.formula1.com/d_driver_fallback_image.png/content/dam/fom-website/drivers/G/GEORUS01_George_Russell/georus01.png.transform/1col/image.png
RUS,George Russell,Mercedes,Bahrain,18.0,172,3,2,https://media.formula1.com/d_driver_fallback_image.png/content/dam/fom-website/drivers/G/GEORUS01_George_Russell/georus01.png.transform/1col/image.png
RUS,George Russell,Mercedes,Saudi Arabian,10.0,172,3,5,https://media.formula1.com/d_driver_fallback_image.png/content/dam/fom-website/drivers/G/GEORUS01_George_Russell/georus01.png.transform/1col/image.png
RUS,George Russell,Mercedes,Miami,20.0,172,5,3,https://media.formula1.com/d_driver_fallback_image.png/content/dam/fom-website/drivers/G/GEORUS01_George_Russell/georus01.png.transform/1col/image.png
RUS,George Russell,Mercedes,Emilia Romagna,6.0,172,3,7,https://media.formula1.com/d_driver_fallback_image.png/content/dam/fom-website/drivers/G/GEORUS01_George_Russell/georus01.png.transform/1col/image.png
RUS,George Russell,Mercedes,Monaco,0.0,172,14,11,https://media.formula1.com/d_driver_fallback_image.png/content/dam/fom-website/drivers/G/GEORUS01_George_Russell/georus01.png.transform/1col/image.png
RUS,George Russell,Mercedes,Spanish,12.0,172,4,4,https://media.formula1.com/d_driver_fallback_image.png/content/dam/fom-website/drivers/G/GEORUS01_George_Russell/georus01.png.transform/1col/image.png
RUS,George Russell,Mercedes,Canadian,25.0,172,1,1,https://media.formula1.com/d_driver_fallback_image.png/content/dam/fom-website/drivers/G/GEORUS01_George_Russell/georus01.png.transform/1col/image.png
RUS,George Russell,Mercedes,Austrian,10.0,172,5,5,https://media.formula1.com/d_driver_fallback_image.png/content/dam/fom-website/drivers/G/GEORUS01_George_Russell/georus01.png.transform/1col/image.png
RUS,George Russell,Mercedes,British,1.0,172,4,10,https://media.formula1.com/d_driver_fallback_image.png/content/dam/fom-website/drivers/G/GEORUS01_George_Russell/georus01.png.transform/1col/image.png
RUS,George Russell,Mercedes,Belgian,10.0,172,6,5,https://media.formula1.com/d_driver_fallback_image.png/content/dam/fom-website/drivers/G/GEORUS01_George_Russell/georus01.png.transform/1col/image.png
RUS,George Russell,Mercedes,Hungarian,15.0,172,4,3,https://media.formula1.com/d_driver_fallback_image.png/content/dam/fom-website/drivers/G/GEORUS01_George_Russell/georus01.png.transform/1col/image.png
LEC,Charles Leclerc,Ferrari,Australian,4.0,151,7,8,https://media.formula1.com/d_driver_fallback_image.png/content/dam/fom-website/drivers/C/CHALEC01_Charles_Leclerc/chalec01.png.transform/1col/image.png
LEC,Charles Leclerc,Ferrari,Chinese,4.0,151,6,18,https://media.formula1.com/d_driver_fallback_image.png/content/dam/fom-website/drivers/C/CHALEC01_Charles_Leclerc/chalec01.png.transform/1col/image.png
LEC,Charles Leclerc,Ferrari,Japanese,12.0,151,4,4,https://media.formula1.com/d_driver_fallback_image.png/content/dam/fom-website/drivers/C/CHALEC01_Charles_Leclerc/chalec01.png.transform/1col/image.png
LEC,Charles Leclerc,Ferrari,Bahrain,12.0,151,2,4,https://media.formula1.com/d_driver_fallback_image.png/content/dam/fom-website/drivers/C/CHALEC01_Charles_Leclerc/chalec01.png.transform/1col/image.png
LEC,Charles Leclerc,Ferrari,Saudi Arabian,15.0,151,4,3,https://media.formula1.com/d_driver_fallback_image.png/content/dam/fom-website/drivers/C/CHALEC01_Charles_Leclerc/chalec01.png.transform/1col/image.png
LEC,Charles Leclerc,Ferrari,Miami,6.0,151,8,7,https://media.formula1.com/d_driver_fallback_image.png/content/dam/fom-website/drivers/C/CHALEC01_Charles_Leclerc/chalec01.png.transform/1col/image.png
LEC,Charles Leclerc,Ferrari,Emilia Romagna,8.0,151,11,6,https://media.formula1.com/d_driver_fallback_image.png/content/dam/fom-website/drivers/C/CHALEC01_Charles_Leclerc/chalec01.png.transform/1col/image.png
LEC,Charles Leclerc,Ferrari,Monaco,18.0,151,2,2,https://media.formula1.com/d_driver_fallback_image.png/content/dam/fom-website/drivers/C/CHALEC01_Charles_Leclerc/chalec01.png.transform/1col/image.png
LEC,Charles Leclerc,Ferrari,Spanish,15.0,151,7,3,https://media.formula1.com/d_driver_fallback_image.png/content/dam/fom-website/drivers/C/CHALEC01_Charles_Leclerc/chalec01.png.transform/1col/image.png
LEC,Charles Leclerc,Ferrari,Canadian,10.0,151,8,5,https://media.formula1.com/d_driver_fallback_image.png/content/dam/fom-website/drivers/C/CHALEC01_Charles_Leclerc/chalec01.png.transform/1col/image.png
LEC,Charles Leclerc,Ferrari,Austrian,15.0,151,2,3,https://media.formula1.com/d_driver_fallback_image.png/content/dam/fom-website/drivers/C/CHALEC01_Charles_Leclerc/chalec01.png.transform/1col/image.png
LEC,Charles Leclerc,Ferrari,British,0.0,151,6,14,https://media.formula1.com/d_driver_fallback_image.png/content/dam/fom-website/drivers/C/CHALEC01_Charles_Leclerc/chalec01.png.transform/1col/image.png
LEC,Charles Leclerc,Ferrari,Belgian,20.0,151,3,3,https://media.formula1.com/d_driver_fallback_image.png/content/dam/fom-website/drivers/C/CHALEC01_Charles_Leclerc/chalec01.png.transform/1col/image.png
LEC,Charles Leclerc,Ferrari,Hungarian,12.0,151,1,4,https://media.formula1.com/d_driver_fallback_image.png/content/dam/fom-website/drivers/C/CHALEC01_Charles_Leclerc/chalec01.png.transform/1col/image.png
HAM,Lewis Hamilton,Ferrari,Australian,1.0,109,8,10,https://media.formula1.com/d_driver_fallback_image.png/content/dam/fom-website/drivers/L/LEWHAM01_Lewis_Hamilton/lewham01.png.transform/1col/image.png
HAM,Lewis Hamilton,Ferrari,Chinese,8.0,109,5,19,https://media.formula1.com/d_driver_fallback_image.png/content/dam/fom-website/drivers/L/LEWHAM01_Lewis_Hamilton/lewham01.png.transform/1col/image.png
HAM,Lewis Hamilton,Ferrari,Japanese,6.0,109,8,7,https://media.formula1.com/d_driver_fallback_image.png/content/dam/fom-website/drivers/L/LEWHAM01_Lewis_Hamilton/lewham01.png.transform/1col/image.png
HAM,Lewis Hamilton,Ferrari,Bahrain,10.0,109,9,5,https://media.formula1.com/d_driver_fallback_image.png/content/dam/fom-website/drivers/L/LEWHAM01_Lewis_Hamilton/lewham01.png.transform/1col/image.png
HAM,Lewis Hamilton,Ferrari,Saudi Arabian,6.0,109,7,7,https://media.formula1.com/d_driver_fallback_image.png/content/dam/fom-website/drivers/L/LEWHAM01_Lewis_Hamilton/lewham01.png.transform/1col/image.png
HAM,Lewis Hamilton,Ferrari,Miami,10.0,109,12,8,https://media.formula1.com/d_driver_fallback_image.png/content/dam/fom-website/drivers/L/LEWHAM01_Lewis_Hamilton/lewham01.png.transform/1col/image.png
HAM,Lewis Hamilton,Ferrari,Emilia Romagna,12.0,109,12,4,https://media.formula1.com/d_driver_fallback_image.png/content/dam/fom-website/drivers/L/LEWHAM01_Lewis_Hamilton/lewham01.png.transform/1col/image.png
HAM,Lewis Hamilton,Ferrari,Monaco,10.0,109,7,5,https://media.formula1.com/d_driver_fallback_image.png/content/dam/fom-website/drivers/L/LEWHAM01_Lewis_Hamilton/lewham01.png.transform/1col/image.png
HAM,Lewis Hamilton,Ferrari,Spanish,8.0,109,5,6,https://media.formula1.com/d_driver_fallback_image.png/content/dam/fom-website/drivers/L/LEWHAM01_Lewis_Hamilton/lewham01.png.transform/1col/image.png
HAM,Lewis Hamilton,Ferrari,Canadian,8.0,109,5,6,https://media.formula1.com/d_driver_fallback_image.png/content/dam/fom-website/drivers/L/LEWHAM01_Lewis_Hamilton/lewham01.png.transform/1col/image.png
HAM,Lewis Hamilton,Ferrari,Austrian,12.0,109,4,4,https://media.formula1.com/d_driver_fallback_image.png/content/dam/fom-website/drivers/L/LEWHAM01_Lewis_Hamilton/lewham01.png.transform/1col/image.png
HAM,Lewis Hamilton,Ferrari,British,12.0,109,5,4,https://media.formula1.com/d_driver_fallback_image.png/content/dam/fom-website/drivers/L/LEWHAM01_Lewis_Hamilton/lewham01.png.transform/1col/image.png
HAM,Lewis Hamilton,Ferrari,Belgian,6.0,109,18,7,https://media.formula1.com/d_driver_fallback_image.png/content/dam/fom-website/drivers/L/LEWHAM01_Lewis_Hamilton/lewham01.png.transform/1col/image.png
HAM,Lewis Hamilton,Ferrari,Hungarian,0.0,109,12,12,https://media.formula1.com/d_driver_fallback_image.png/content/dam/fom-website/drivers/L/LEWHAM01_Lewis_Hamilton/lewham01.png.transform/1col/image.png
ANT,Andrea Kimi Antonelli,Mercedes,Australian,12.0,64,16,4,https://media.formula1.com/d_driver_fallback_image.png/content/dam/fom-website/drivers/A/ANDANT01_Andrea%20Kimi_Antonelli/andant01.png.transform/1col/image.png
ANT,Kimi Antonelli,Mercedes,Chinese,10.0,64,8,6,https://media.formula1.com/d_driver_fallback_image.png/content/dam/fom-website/drivers/A/ANDANT01_Andrea%20Kimi_Antonelli/andant01.png.transform/1col/image.png
ANT,Kimi Antonelli,Mercedes,Japanese,8.0,64,6,6,https://media.formula1.com/d_driver_fallback_image.png/content/dam/fom-website/drivers/A/ANDANT01_Andrea%20Kimi_Antonelli/andant01.png.transform/1col/image.png
ANT,Kimi Antonelli,Mercedes,Bahrain,0.0,64,5,11,https://media.formula1.com/d_driver_fallback_image.png/content/dam/fom-website/drivers/A/ANDANT01_Andrea%20Kimi_Antonelli/andant01.png.transform/1col/image.png
ANT,Kimi Antonelli,Mercedes,Saudi Arabian,8.0,64,5,6,https://media.formula1.com/d_driver_fallback_image.png/content/dam/fom-website/drivers/A/ANDANT01_Andrea%20Kimi_Antonelli/andant01.png.transform/1col/image.png
ANT,Kimi Antonelli,Mercedes,Miami,10.0,64,3,6,https://media.formula1.com/d_driver_fallback_image.png/content/dam/fom-website/drivers/A/ANDANT01_Andrea%20Kimi_Antonelli/andant01.png.transform/1col/image.png
ANT,Kimi Antonelli,Mercedes,Emilia Romagna,0.0,64,13,19,https://media.formula1.com/d_driver_fallback_image.png/content/dam/fom-website/drivers/A/ANDANT01_Andrea%20Kimi_Antonelli/andant01.png.transform/1col/image.png
ANT,Kimi Antonelli,Mercedes,Monaco,0.0,64,15,18,https://media.formula1.com/d_driver_fallback_image.png/content/dam/fom-website/drivers/A/ANDANT01_Andrea%20Kimi_Antonelli/andant01.png.transform/1col/image.png
ANT,Kimi Antonelli,Mercedes,Spanish,0.0,64,6,18,https://media.formula1.com/d_driver_fallback_image.png/content/dam/fom-website/drivers/A/ANDANT01_Andrea%20Kimi_Antonelli/andant01.png.transform/1col/image.png
ANT,Kimi Antonelli,Mercedes,Canadian,15.0,64,4,3,https://media.formula1.com/d_driver_fallback_image.png/content/dam/fom-website/drivers/A/ANDANT01_Andrea%20Kimi_Antonelli/andant01.png.transform/1col/image.png
ANT,Kimi Antonelli,Mercedes,Austrian,0.0,64,9,19,https://media.formula1.com/d_driver_fallback_image.png/content/dam/fom-website/drivers/A/ANDANT01_Andrea%20Kimi_Antonelli/andant01.png.transform/1col/image.png
ANT,Kimi Antonelli,Mercedes,British,0.0,64,10,16,https://media.formula1.com/d_driver_fallback_image.png/content/dam/fom-website/drivers/A/ANDANT01_Andrea%20Kimi_Antonelli/andant01.png.transform/1col/image.png
ANT,Kimi Antonelli,Mercedes,Belgian,0.0,64,19,16,https://media.formula1.com/d_driver_fallback_image.png/content/dam/fom-website/drivers/A/ANDANT01_Andrea%20Kimi_Antonelli/andant01.png.transform/1col/image.png
ANT,Kimi Antonelli,Mercedes,Hungarian,1.0,64,15,10,https://media.formula1.com/d_driver_fallback_image.png/content/dam/fom-website/drivers/A/ANDANT01_Andrea%20Kimi_Antonelli/andant01.png.transform/1col/image.png
ALB,Alexander Albon,Williams,Australian,10.0,54,6,5,https://media.formula1.com/d_driver_fallback_image.png/content/dam/fom-website/drivers/A/ALEALB01_Alexander_Albon/alealb01.png.transform/1col/image.png
ALB,Alexander Albon,Williams,Chinese,6.0,54,10,7,https://media.formula1.com/d_driver_fallback_image.png/content/dam/fom-website/drivers/A/ALEALB01_Alexander_Albon/alealb01.png.transform/1col/image.png
ALB,Alexander Albon,Williams,Japanese,2.0,54,9,9,https://media.formula1.com/d_driver_fallback_image.png/content/dam/fom-website/drivers/A/ALEALB01_Alexander_Albon/alealb01.png.transform/1col/image.png
ALB,Alexander Albon,Williams,Bahrain,0.0,54,15,12,https://media.formula1.com/d_driver_fallback_image.png/content/dam/fom-website/drivers/A/ALEALB01_Alexander_Albon/alealb01.png.transform/1col/image.png
ALB,Alexander Albon,Williams,Saudi Arabian,2.0,54,11,9,https://media.formula1.com/d_driver_fallback_image.png/content/dam/fom-website/drivers/A/ALEALB01_Alexander_Albon/alealb01.png.transform/1col/image.png
ALB,Alexander Albon,Williams,Miami,10.0,54,7,5,https://media.formula1.com/d_driver_fallback_image.png/content/dam/fom-website/drivers/A/ALEALB01_Alexander_Albon/alealb01.png.transform/1col/image.png
ALB,Alexander Albon,Williams,Emilia Romagna,10.0,54,7,5,https://media.formula1.com/d_driver_fallback_image.png/content/dam/fom-website/drivers/A/ALEALB01_Alexander_Albon/alealb01.png.transform/1col/image.png
ALB,Alexander Albon,Williams,Monaco,2.0,54,10,9,https://media.formula1.com/d_driver_fallback_image.png/content/dam/fom-website/drivers/A/ALEALB01_Alexander_Albon/alealb01.png.transform/1col/image.png
ALB,Alexander Albon,Williams,Spanish,0.0,54,11,19,https://media.formula1.com/d_driver_fallback_image.png/content/dam/fom-website/drivers/A/ALEALB01_Alexander_Albon/alealb01.png.transform/1col/image.png
ALB,Alexander Albon,Williams,Canadian,0.0,54,9,20,https://media.formula1.com/d_driver_fallback_image.png/content/dam/fom-website/drivers/A/ALEALB01_Alexander_Albon/alealb01.png.transform/1col/image.png
ALB,Alexander Albon,Williams,Austrian,0.0,54,12,17,https://media.formula1.com/d_driver_fallback_image.png/content/dam/fom-website/drivers/A/ALEALB01_Alexander_Albon/alealb01.png.transform/1col/image.png
ALB,Alexander Albon,Williams,British,4.0,54,13,8,https://media.formula1.com/d_driver_fallback_image.png/content/dam/fom-website/drivers/A/ALEALB01_Alexander_Albon/alealb01.png.transform/1col/image.png
ALB,Alexander Albon,Williams,Belgian,8.0,54,5,6,https://media.formula1.com/d_driver_fallback_image.png/content/dam/fom-website/drivers/A/ALEALB01_Alexander_Albon/alealb01.png.transform/1col/image.png
ALB,Alexander Albon,Williams,Hungarian,0.0,54,19,15,https://media.formula1.com/d_driver_fallback_image.png/content/dam/fom-website/drivers/A/ALEALB01_Alexander_Albon/alealb01.png.transform/1col/image.png
HUL,Nico Hulkenberg,Kick Sauber,Australian,6.0,37,17,7,https://media.formula1.com/d_driver_fallback_image.png/content/dam/fom-website/drivers/N/NICHUL01_Nico_Hulkenberg/nichul01.png.transform/1col/image.png
HUL,Nico Hulkenberg,Kick Sauber,Chinese,0.0,37,12,15,https://media.formula1.com/d_driver_fallback_image.png/content/dam/fom-website/drivers/N/NICHUL01_Nico_Hulkenberg/nichul01.png.transform/1col/image.png
HUL,Nico Hulkenberg,Kick Sauber,Japanese,0.0,37,16,16,https://media.formula1.com/d_driver_fallback_image.png/content/dam/fom-website/drivers/N/NICHUL01_Nico_Hulkenberg/nichul01.png.transform/1col/image.png
HUL,Nico Hulkenberg,Kick Sauber,Bahrain,0.0,37,16,20,https://media.formula1.com/d_driver_fallback_image.png/content/dam/fom-website/drivers/N/NICHUL01_Nico_Hulkenberg/nichul01.png.transform/1col/image.png
HUL,Nico Hulkenberg,Kick Sauber,Saudi Arabian,0.0,37,18,15,https://media.formula1.com/d_driver_fallback_image.png/content/dam/fom-website/drivers/N/NICHUL01_Nico_Hulkenberg/nichul01.png.transform/1col/image.png
HUL,Nico Hulkenberg,Kick Sauber,Miami,0.0,37,16,14,https://media.formula1.com/d_driver_fallback_image.png/content/dam/fom-website/drivers/N/NICHUL01_Nico_Hulkenberg/nichul01.png.transform/1col/image.png
HUL,Nico Hulkenberg,Kick Sauber,Emilia Romagna,0.0,37,17,12,https://media.formula1.com/d_driver_fallback_image.png/content/dam/fom-website/drivers/N/NICHUL01_Nico_Hulkenberg/nichul01.png.transform/1col/image.png
HUL,Nico Hulkenberg,Kick Sauber,Monaco,0.0,37,13,16,https://media.formula1.com/d_driver_fallback_image.png/content/dam/fom-website/drivers/N/NICHUL01_Nico_Hulkenberg/nichul01.png.transform/1col/image.png
HUL,Nico Hulkenberg,Kick Sauber,Spanish,10.0,37,15,5,https://media.formula1.com/d_driver_fallback_image.png/content/dam/fom-website/drivers/N/NICHUL01_Nico_Hulkenberg/nichul01.png.transform/1col/image.png
HUL,Nico Hulkenberg,Kick Sauber,Canadian,4.0,37,11,8,https://media.formula1.com/d_driver_fallback_image.png/content/dam/fom-website/drivers/N/NICHUL01_Nico_Hulkenberg/nichul01.png.transform/1col/image.png
HUL,Nico Hulkenberg,Kick Sauber,Austrian,2.0,37,20,9,https://media.formula1.com/d_driver_fallback_image.png/content/dam/fom-website/drivers/N/NICHUL01_Nico_Hulkenberg/nichul01.png.transform/1col/image.png
HUL,Nico Hulkenberg,Kick Sauber,British,15.0,37,19,3,https://media.formula1.com/d_driver_fallback_image.png/content/dam/fom-website/drivers/N/NICHUL01_Nico_Hulkenberg/nichul01.png.transform/1col/image.png
HUL,Nico Hulkenberg,Kick Sauber,Belgian,0.0,37,14,12,https://media.formula1.com/d_driver_fallback_image.png/content/dam/fom-website/drivers/N/NICHUL01_Nico_Hulkenberg/nichul01.png.transform/1col/image.png
HUL,Nico Hulkenberg,Kick Sauber,Hungarian,0.0,37,18,13,https://media.formula1.com/d_driver_fallback_image.png/content/dam/fom-website/drivers/N/NICHUL01_Nico_Hulkenberg/nichul01.png.transform/1col/image.png
OCO,Esteban Ocon,Haas F1 Team,Australian,0.0,27,19,13,https://media.formula1.com/d_driver_fallback_image.png/content/dam/fom-website/drivers/E/ESTOCO01_Esteban_Ocon/estoco01.png.transform/1col/image.png
OCO,Esteban Ocon,Haas F1 Team,Chinese,10.0,27,11,5,https://media.formula1.com/d_driver_fallback_image.png/content/dam/fom-website/drivers/E/ESTOCO01_Esteban_Ocon/estoco01.png.transform/1col/image.png
OCO,Esteban Ocon,Haas F1 Team,Japanese,0.0,27,18,18,https://media.formula1.com/d_driver_fallback_image.png/content/dam/fom-website/drivers/E/ESTOCO01_Esteban_Ocon/estoco01.png.transform/1col/image.png
OCO,Esteban Ocon,Haas F1 Team,Bahrain,4.0,27,14,8,https://media.formula1.com/d_driver_fallback_image.png/content/dam/fom-website/drivers/E/ESTOCO01_Esteban_Ocon/estoco01.png.transform/1col/image.png
OCO,Esteban Ocon,Haas F1 Team,Saudi Arabian,0.0,27,19,14,https://media.formula1.com/d_driver_fallback_image.png/content/dam/fom-website/drivers/E/ESTOCO01_Esteban_Ocon/estoco01.png.transform/1col/image.png
OCO,Esteban Ocon,Haas F1 Team,Miami,0.0,27,9,12,https://media.formula1.com/d_driver_fallback_image.png/content/dam/fom-website/drivers/E/ESTOCO01_Esteban_Ocon/estoco01.png.transform/1col/image.png
OCO,Esteban Ocon,Haas F1 Team,Emilia Romagna,0.0,27,18,20,https://media.formula1.com/d_driver_fallback_image.png/content/dam/fom-website/drivers/E/ESTOCO01_Esteban_Ocon/estoco01.png.transform/1col/image.png
OCO,Esteban Ocon,Haas F1 Team,Monaco,6.0,27,8,7,https://media.formula1.com/d_driver_fallback_image.png/content/dam/fom-website/drivers/E/ESTOCO01_Esteban_Ocon/estoco01.png.transform/1col/image.png
OCO,Esteban Ocon,Haas F1 Team,Spanish,0.0,27,16,16,https://media.formula1.com/d_driver_fallback_image.png/content/dam/fom-website/drivers/E/ESTOCO01_Esteban_Ocon/estoco01.png.transform/1col/image.png
OCO,Esteban Ocon,Haas F1 Team,Canadian,2.0,27,14,9,https://media.formula1.com/d_driver_fallback_image.png/content/dam/fom-website/drivers/E/ESTOCO01_Esteban_Ocon/estoco01.png.transform/1col/image.png
OCO,Esteban Ocon,Haas F1 Team,Austrian,1.0,27,17,10,https://media.formula1.com/d_driver_fallback_image.png/content/dam/fom-website/drivers/E/ESTOCO01_Esteban_Ocon/estoco01.png.transform/1col/image.png
OCO,Esteban Ocon,Haas F1 Team,British,0.0,27,14,13,https://media.formula1.com/d_driver_fallback_image.png/content/dam/fom-website/drivers/E/ESTOCO01_Esteban_Ocon/estoco01.png.transform/1col/image.png
OCO,Esteban Ocon,Haas F1 Team,Belgian,4.0,27,11,15,https://media.formula1.com/d_driver_fallback_image.png/content/dam/fom-website/drivers/E/ESTOCO01_Esteban_Ocon/estoco01.png.transform/1col/image.png
OCO,Esteban Ocon,Haas F1 Team,Hungarian,0.0,27,17,16,https://media.formula1.com/d_driver_fallback_image.png/content/dam/fom-website/drivers/E/ESTOCO01_Esteban_Ocon/estoco01.png.transform/1col/image.png
STR,Lance Stroll,Aston Martin,Australian,8.0,26,13,6,https://media.formula1.com/d_driver_fallback_image.png/content/dam/fom-website/drivers/L/LANSTR01_Lance_Stroll/lanstr01.png.transform/1col/image.png
STR,Lance Stroll,Aston Martin,Chinese,2.0,26,14,9,https://media.formula1.com/d_driver_fallback_image.png/content/dam/fom-website/drivers/L/LANSTR01_Lance_Stroll/lanstr01.png.transform/1col/image.png
STR,Lance Stroll,Aston Martin,Japanese,0.0,26,20,20,https://media.formula1.com/d_driver_fallback_image.png/content/dam/fom-website/drivers/L/LANSTR01_Lance_Stroll/lanstr01.png.transform/1col/image.png
STR,Lance Stroll,Aston Martin,Bahrain,0.0,26,19,17,https://media.formula1.com/d_driver_fallback_image.png/content/dam/fom-website/drivers/L/LANSTR01_Lance_Stroll/lanstr01.png.transform/1col/image.png
STR,Lance Stroll,Aston Martin,Saudi Arabian,0.0,26,16,16,https://media.formula1.com/d_driver_fallback_image.png/content/dam/fom-website/drivers/L/LANSTR01_Lance_Stroll/lanstr01.png.transform/1col/image.png
STR,Lance Stroll,Aston Martin,Miami,4.0,26,18,16,https://media.formula1.com/d_driver_fallback_image.png/content/dam/fom-website/drivers/L/LANSTR01_Lance_Stroll/lanstr01.png.transform/1col/image.png
STR,Lance Stroll,Aston Martin,Emilia Romagna,0.0,26,8,15,https://media.formula1.com/d_driver_fallback_image.png/content/dam/fom-website/drivers/L/LANSTR01_Lance_Stroll/lanstr01.png.transform/1col/image.png
STR,Lance Stroll,Aston Martin,Monaco,0.0,26,19,15,https://media.formula1.com/d_driver_fallback_image.png/content/dam/fom-website/drivers/L/LANSTR01_Lance_Stroll/lanstr01.png.transform/1col/image.png
STR,Lance Stroll,Aston Martin,Canadian,0.0,26,17,17,https://media.formula1.com/d_driver_fallback_image.png/content/dam/fom-website/drivers/L/LANSTR01_Lance_Stroll/lanstr01.png.transform/1col/image.png
STR,Lance Stroll,Aston Martin,Austrian,0.0,26,16,14,https://media.formula1.com/d_driver_fallback_image.png/content/dam/fom-website/drivers/L/LANSTR01_Lance_Stroll/lanstr01.png.transform/1col/image.png
STR,Lance Stroll,Aston Martin,British,6.0,26,17,7,https://media.formula1.com/d_driver_fallback_image.png/content/dam/fom-website/drivers/L/LANSTR01_Lance_Stroll/lanstr01.png.transform/1col/image.png
STR,Lance Stroll,Aston Martin,Belgian,0.0,26,16,14,https://media.formula1.com/d_driver_fallback_image.png/content/dam/fom-website/drivers/L/LANSTR01_Lance_Stroll/lanstr01.png.transform/1col/image.png
STR,Lance Stroll,Aston Martin,Hungarian,6.0,26,6,7,https://media.formula1.com/d_driver_fallback_image.png/content/dam/fom-website/drivers/L/LANSTR01_Lance_Stroll/lanstr01.png.transform/1col/image.png
ALO,Fernando Alonso,Aston Martin,Australian,0.0,26,12,17,https://media.formula1.com/d_driver_fallback_image.png/content/dam/fom-website/drivers/F/FERALO01_Fernando_Alonso/feralo01.png.transform/1col/image.png
ALO,Fernando Alonso,Aston Martin,Chinese,0.0,26,13,17,https://media.formula1.com/d_driver_fallback_image.png/content/dam/fom-website/drivers/F/FERALO01_Fernando_Alonso/feralo01.png.transform/1col/image.png
ALO,Fernando Alonso,Aston Martin,Japanese,0.0,26,12,11,https://media.formula1.com/d_driver_fallback_image.png/content/dam/fom-website/drivers/F/FERALO01_Fernando_Alonso/feralo01.png.transform/1col/image.png
ALO,Fernando Alonso,Aston Martin,Bahrain,0.0,26,13,15,https://media.formula1.com/d_driver_fallback_image.png/content/dam/fom-website/drivers/F/FERALO01_Fernando_Alonso/feralo01.png.transform/1col/image.png
ALO,Fernando Alonso,Aston Martin,Saudi Arabian,0.0,26,13,11,https://media.formula1.com/d_driver_fallback_image.png/content/dam/fom-website/drivers/F/FERALO01_Fernando_Alonso/feralo01.png.transform/1col/image.png
ALO,Fernando Alonso,Aston Martin,Miami,0.0,26,17,15,https://media.formula1.com/d_driver_fallback_image.png/content/dam/fom-website/drivers/F/FERALO01_Fernando_Alonso/feralo01.png.transform/1col/image.png
ALO,Fernando Alonso,Aston Martin,Emilia Romagna,0.0,26,5,11,https://media.formula1.com/d_driver_fallback_image.png/content/dam/fom-website/drivers/F/FERALO01_Fernando_Alonso/feralo01.png.transform/1col/image.png
ALO,Fernando Alonso,Aston Martin,Monaco,0.0,26,6,19,https://media.formula1.com/d_driver_fallback_image.png/content/dam/fom-website/drivers/F/FERALO01_Fernando_Alonso/feralo01.png.transform/1col/image.png
ALO,Fernando Alonso,Aston Martin,Spanish,2.0,26,10,9,https://media.formula1.com/d_driver_fallback_image.png/content/dam/fom-website/drivers/F/FERALO01_Fernando_Alonso/feralo01.png.transform/1col/image.png
ALO,Fernando Alonso,Aston Martin,Canadian,6.0,26,6,7,https://media.formula1.com/d_driver_fallback_image.png/content/dam/fom-website/drivers/F/FERALO01_Fernando_Alonso/feralo01.png.transform/1col/image.png
ALO,Fernando Alonso,Aston Martin,Austrian,6.0,26,11,7,https://media.formula1.com/d_driver_fallback_image.png/content/dam/fom-website/drivers/F/FERALO01_Fernando_Alonso/feralo01.png.transform/1col/image.png
ALO,Fernando Alonso,Aston Martin,British,2.0,26,7,9,https://media.formula1.com/d_driver_fallback_image.png/content/dam/fom-website/drivers/F/FERALO01_Fernando_Alonso/feralo01.png.transform/1col/image.png
ALO,Fernando Alonso,Aston Martin,Belgian,0.0,26,20,17,https://media.formula1.com/d_driver_fallback_image.png/content/dam/fom-website/drivers/F/FERALO01_Fernando_Alonso/feralo01.png.transform/1col/image.png
ALO,Fernando Alonso,Aston Martin,Hungarian,10.0,26,5,5,https://media.formula1.com/d_driver_fallback_image.png/content/dam/fom-website/drivers/F/FERALO01_Fernando_Alonso/feralo01.png.transform/1col/image.png
HAD,Isack Hadjar,Racing Bulls,Australian,0.0,22,11,20,https://media.formula1.com/d_driver_fallback_image.png/content/dam/fom-website/drivers/I/ISAHAD01_Isack_Hadjar/isahad01.png.transform/1col/image.png
HAD,Isack Hadjar,Racing Bulls,Chinese,0.0,22,7,11,https://media.formula1.com/d_driver_fallback_image.png/content/dam/fom-website/drivers/I/ISAHAD01_Isack_Hadjar/isahad01.png.transform/1col/image.png
HAD,Isack Hadjar,Racing Bulls,Japanese,4.0,22,7,8,https://media.formula1.com/d_driver_fallback_image.png/content/dam/fom-website/drivers/I/ISAHAD01_Isack_Hadjar/isahad01.png.transform/1col/image.png
HAD,Isack Hadjar,Racing Bulls,Bahrain,0.0,22,12,13,https://media.formula1.com/d_driver_fallback_image.png/content/dam/fom-website/drivers/I/ISAHAD01_Isack_Hadjar/isahad01.png.transform/1col/image.png
HAD,Isack Hadjar,Racing Bulls,Saudi Arabian,1.0,22,14,10,https://media.formula1.com/d_driver_fallback_image.png/content/dam/fom-website/drivers/I/ISAHAD01_Isack_Hadjar/isahad01.png.transform/1col/image.png
HAD,Isack Hadjar,Racing Bulls,Miami,0.0,22,11,11,https://media.formula1.com/d_driver_fallback_image.png/content/dam/fom-website/drivers/I/ISAHAD01_Isack_Hadjar/isahad01.png.transform/1col/image.png
HAD,Isack Hadjar,Racing Bulls,Emilia Romagna,2.0,22,9,9,https://media.formula1.com/d_driver_fallback_image.png/content/dam/fom-website/drivers/I/ISAHAD01_Isack_Hadjar/isahad01.png.transform/1col/image.png
HAD,Isack Hadjar,Racing Bulls,Monaco,8.0,22,5,6,https://media.formula1.com/d_driver_fallback_image.png/content/dam/fom-website/drivers/I/ISAHAD01_Isack_Hadjar/isahad01.png.transform/1col/image.png
HAD,Isack Hadjar,Racing Bulls,Spanish,6.0,22,9,7,https://media.formula1.com/d_driver_fallback_image.png/content/dam/fom-website/drivers/I/ISAHAD01_Isack_Hadjar/isahad01.png.transform/1col/image.png
HAD,Isack Hadjar,Racing Bulls,Canadian,0.0,22,12,16,https://media.formula1.com/d_driver_fallback_image.png/content/dam/fom-website/drivers/I/ISAHAD01_Isack_Hadjar/isahad01.png.transform/1col/image.png
HAD,Isack Hadjar,Racing Bulls,Austrian,0.0,22,13,12,https://media.formula1.com/d_driver_fallback_image.png/content/dam/fom-website/drivers/I/ISAHAD01_Isack_Hadjar/isahad01.png.transform/1col/image.png
HAD,Isack Hadjar,Racing Bulls,British,0.0,22,12,17,https://media.formula1.com/d_driver_fallback_image.png/content/dam/fom-website/drivers/I/ISAHAD01_Isack_Hadjar/isahad01.png.transform/1col/image.png
HAD,Isack Hadjar,Racing Bulls,Belgian,1.0,22,8,20,https://media.formula1.com/d_driver_fallback_image.png/content/dam/fom-website/drivers/I/ISAHAD01_Isack_Hadjar/isahad01.png.transform/1col/image.png
HAD,Isack Hadjar,Racing Bulls,Hungarian,0.0,22,10,11,https://media.formula1.com/d_driver_fallback_image.png/content/dam/fom-website/drivers/I/ISAHAD01_Isack_Hadjar/isahad01.png.transform/1col/image.png
LAW,Liam Lawson,Red Bull Racing,Australian,0.0,20,18,15,https://media.formula1.com/d_driver_fallback_image.png/content/dam/fom-website/drivers/L/LIALAW01_Liam_Lawson/lialaw01.png.transform/1col/image.png
LAW,Liam Lawson,Red Bull Racing,Chinese,0.0,20,20,12,https://media.formula1.com/d_driver_fallback_image.png/content/dam/fom-website/drivers/L/LIALAW01_Liam_Lawson/lialaw01.png.transform/1col/image.png
LAW,Liam Lawson,Racing Bulls,Japanese,0.0,20,13,17,https://media.formula1.com/d_driver_fallback_image.png/content/dam/fom-website/drivers/L/LIALAW01_Liam_Lawson/lialaw01.png.transform/1col/image.png
LAW,Liam Lawson,Racing Bulls,Bahrain,0.0,20,17,16,https://media.formula1.com/d_driver_fallback_image.png/content/dam/fom-website/drivers/L/LIALAW01_Liam_Lawson/lialaw01.png.transform/1col/image.png
LAW,Liam Lawson,Racing Bulls,Saudi Arabian,0.0,20,12,12,https://media.formula1.com/d_driver_fallback_image.png/content/dam/fom-website/drivers/L/LIALAW01_Liam_Lawson/lialaw01.png.transform/1col/image.png
LAW,Liam Lawson,Racing Bulls,Miami,0.0,20,15,17,https://media.formula1.com/d_driver_fallback_image.png/content/dam/fom-website/drivers/L/LIALAW01_Liam_Lawson/lialaw01.png.transform/1col/image.png
LAW,Liam Lawson,Racing Bulls,Emilia Romagna,0.0,20,15,14,https://media.formula1.com/d_driver_fallback_image.png/content/dam/fom-website/drivers/L/LIALAW01_Liam_Lawson/lialaw01.png.transform/1col/image.png
LAW,Liam Lawson,Racing Bulls,Monaco,4.0,20,9,8,https://media.formula1.com/d_driver_fallback_image.png/content/dam/fom-website/drivers/L/LIALAW01_Liam_Lawson/lialaw01.png.transform/1col/image.png
LAW,Liam Lawson,Racing Bulls,Spanish,0.0,20,13,11,https://media.formula1.com/d_driver_fallback_image.png/content/dam/fom-website/drivers/L/LIALAW01_Liam_Lawson/lialaw01.png.transform/1col/image.png
LAW,Liam Lawson,Racing Bulls,Canadian,0.0,20,19,19,https://media.formula1.com/d_driver_fallback_image.png/content/dam/fom-website/drivers/L/LIALAW01_Liam_Lawson/lialaw01.png.transform/1col/image.png
LAW,Liam Lawson,Racing Bulls,Austrian,8.0,20,6,6,https://media.formula1.com/d_driver_fallback_image.png/content/dam/fom-website/drivers/L/LIALAW01_Liam_Lawson/lialaw01.png.transform/1col/image.png
LAW,Liam Lawson,Racing Bulls,British,0.0,20,15,19,https://media.formula1.com/d_driver_fallback_image.png/content/dam/fom-website/drivers/L/LIALAW01_Liam_Lawson/lialaw01.png.transform/1col/image.png
LAW,Liam Lawson,Racing Bulls,Belgian,4.0,20,9,8,https://media.formula1.com/d_driver_fallback_image.png/content/dam/fom-website/drivers/L/LIALAW01_Liam_Lawson/lialaw01.png.transform/1col/image.png
LAW,Liam Lawson,Racing Bulls,Hungarian,4.0,20,9,8,https://media.formula1.com/d_driver_fallback_image.png/content/dam/fom-website/drivers/L/LIALAW01_Liam_Lawson/lialaw01.png.transform/1col/image.png
GAS,Pierre Gasly,Alpine,Australian,0.0,20,9,11,https://media.formula1.com/d_driver_fallback_image.png/content/dam/fom-website/drivers/P/PIEGAS01_Pierre_Gasly/piegas01.png.transform/1col/image.png
GAS,Pierre Gasly,Alpine,Chinese,0.0,20,16,20,https://media.formula1.com/d_driver_fallback_image.png/content/dam/fom-website/drivers/P/PIEGAS01_Pierre_Gasly/piegas01.png.transform/1col/image.png
GAS,Pierre Gasly,Alpine,Japanese,0.0,20,11,13,https://media.formula1.com/d_driver_fallback_image.png/content/dam/fom-website/drivers/P/PIEGAS01_Pierre_Gasly/piegas01.png.transform/1col/image.png
GAS,Pierre Gasly,Alpine,Bahrain,6.0,20,4,7,https://media.formula1.com/d_driver_fallback_image.png/content/dam/fom-website/drivers/P/PIEGAS01_Pierre_Gasly/piegas01.png.transform/1col/image.png
GAS,Pierre Gasly,Alpine,Saudi Arabian,0.0,20,9,20,https://media.formula1.com/d_driver_fallback_image.png/content/dam/fom-website/drivers/P/PIEGAS01_Pierre_Gasly/piegas01.png.transform/1col/image.png
GAS,Pierre Gasly,Alpine,Miami,1.0,20,20,13,https://media.formula1.com/d_driver_fallback_image.png/content/dam/fom-website/drivers/P/PIEGAS01_Pierre_Gasly/piegas01.png.transform/1col/image.png
GAS,Pierre Gasly,Alpine,Emilia Romagna,0.0,20,10,13,https://media.formula1.com/d_driver_fallback_image.png/content/dam/fom-website/drivers/P/PIEGAS01_Pierre_Gasly/piegas01.png.transform/1col/image.png
GAS,Pierre Gasly,Alpine,Monaco,0.0,20,17,20,https://media.formula1.com/d_driver_fallback_image.png/content/dam/fom-website/drivers/P/PIEGAS01_Pierre_Gasly/piegas01.png.transform/1col/image.png
GAS,Pierre Gasly,Alpine,Spanish,4.0,20,8,8,https://media.formula1.com/d_driver_fallback_image.png/content/dam/fom-website/drivers/P/PIEGAS01_Pierre_Gasly/piegas01.png.transform/1col/image.png
GAS,Pierre Gasly,Alpine,Canadian,0.0,20,20,15,https://media.formula1.com/d_driver_fallback_image.png/content/dam/fom-website/drivers/P/PIEGAS01_Pierre_Gasly/piegas01.png.transform/1col/image.png
GAS,Pierre Gasly,Alpine,Austrian,0.0,20,10,13,https://media.formula1.com/d_driver_fallback_image.png/content/dam/fom-website/drivers/P/PIEGAS01_Pierre_Gasly/piegas01.png.transform/1col/image.png
GAS,Pierre Gasly,Alpine,British,8.0,20,8,6,https://media.formula1.com/d_driver_fallback_image.png/content/dam/fom-website/drivers/P/PIEGAS01_Pierre_Gasly/piegas01.png.transform/1col/image.png
GAS,Pierre Gasly,Alpine,Belgian,1.0,20,13,10,https://media.formula1.com/d_driver_fallback_image.png/content/dam/fom-website/drivers/P/PIEGAS01_Pierre_Gasly/piegas01.png.transform/1col/image.png
GAS,Pierre Gasly,Alpine,Hungarian,0.0,20,16,19,https://media.formula1.com/d_driver_fallback_image.png/content/dam/fom-website/drivers/P/PIEGAS01_Pierre_Gasly/piegas01.png.transform/1col/image.png
SAI,Carlos Sainz,Williams,Australian,0.0,16,10,18,https://media.formula1.com/d_driver_fallback_image.png/content/dam/fom-website/drivers/C/CARSAI01_Carlos_Sainz/carsai01.png.transform/1col/image.png
SAI,Carlos Sainz,Williams,Chinese,1.0,16,15,10,https://media.formula1.com/d_driver_fallback_image.png/content/dam/fom-website/drivers/C/CARSAI01_Carlos_Sainz/carsai01.png.transform/1col/image.png
SAI,Carlos Sainz,Williams,Japanese,0.0,16,15,14,https://media.formula1.com/d_driver_fallback_image.png/content/dam/fom-website/drivers/C/CARSAI01_Carlos_Sainz/carsai01.png.transform/1col/image.png
SAI,Carlos Sainz,Williams,Bahrain,0.0,16,8,19,https://media.formula1.com/d_driver_fallback_image.png/content/dam/fom-website/drivers/C/CARSAI01_Carlos_Sainz/carsai01.png.transform/1col/image.png
SAI,Carlos Sainz,Williams,Saudi Arabian,4.0,16,6,8,https://media.formula1.com/d_driver_fallback_image.png/content/dam/fom-website/drivers/C/CARSAI01_Carlos_Sainz/carsai01.png.transform/1col/image.png
SAI,Carlos Sainz,Williams,Miami,2.0,16,6,9,https://media.formula1.com/d_driver_fallback_image.png/content/dam/fom-website/drivers/C/CARSAI01_Carlos_Sainz/carsai01.png.transform/1col/image.png
SAI,Carlos Sainz,Williams,Emilia Romagna,4.0,16,6,8,https://media.formula1.com/d_driver_fallback_image.png/content/dam/fom-website/drivers/C/CARSAI01_Carlos_Sainz/carsai01.png.transform/1col/image.png
SAI,Carlos Sainz,Williams,Monaco,1.0,16,11,10,https://media.formula1.com/d_driver_fallback_image.png/content/dam/fom-website/drivers/C/CARSAI01_Carlos_Sainz/carsai01.png.transform/1col/image.png
SAI,Carlos Sainz,Williams,Spanish,0.0,16,17,14,https://media.formula1.com/d_driver_fallback_image.png/content/dam/fom-website/drivers/C/CARSAI01_Carlos_Sainz/carsai01.png.transform/1col/image.png
SAI,Carlos Sainz,Williams,Canadian,1.0,16,16,10,https://media.formula1.com/d_driver_fallback_image.png/content/dam/fom-website/drivers/C/CARSAI01_Carlos_Sainz/carsai01.png.transform/1col/image.png
SAI,Carlos Sainz,Williams,Austrian,0.0,16,19,20,https://media.formula1.com/d_driver_fallback_image.png/content/dam/fom-website/drivers/C/CARSAI01_Carlos_Sainz/carsai01.png.transform/1col/image.png
SAI,Carlos Sainz,Williams,British,0.0,16,9,12,https://media.formula1.com/d_driver_fallback_image.png/content/dam/fom-website/drivers/C/CARSAI01_Carlos_Sainz/carsai01.png.transform/1col/image.png
SAI,Carlos Sainz,Williams,Belgian,3.0,16,17,18,https://media.formula1.com/d_driver_fallback_image.png/content/dam/fom-website/drivers/C/CARSAI01_Carlos_Sainz/carsai01.png.transform/1col/image.png
SAI,Carlos Sainz,Williams,Hungarian,0.0,16,13,14,https://media.formula1.com/d_driver_fallback_image.png/content/dam/fom-website/drivers/C/CARSAI01_Carlos_Sainz/carsai01.png.transform/1col/image.png
BOR,Gabriel Bortoleto,Kick Sauber,Australian,0.0,14,15,16,https://media.formula1.com/d_driver_fallback_image.png/content/dam/fom-website/drivers/G/GABBOR01_Gabriel_Bortoleto/gabbor01.png.transform/1col/image.png
BOR,Gabriel Bortoleto,Kick Sauber,Chinese,0.0,14,19,14,https://media.formula1.com/d_driver_fallback_image.png/content/dam/fom-website/drivers/G/GABBOR01_Gabriel_Bortoleto/gabbor01.png.transform/1col/image.png
BOR,Gabriel Bortoleto,Kick Sauber,Japanese,0.0,14,17,19,https://media.formula1.com/d_driver_fallback_image.png/content/dam/fom-website/drivers/G/GABBOR01_Gabriel_Bortoleto/gabbor01.png.transform/1col/image.png
BOR,Gabriel Bortoleto,Kick Sauber,Bahrain,0.0,14,18,18,https://media.formula1.com/d_driver_fallback_image.png/content/dam/fom-website/drivers/G/GABBOR01_Gabriel_Bortoleto/gabbor01.png.transform/1col/image.png
BOR,Gabriel Bortoleto,Kick Sauber,Saudi Arabian,0.0,14,20,18,https://media.formula1.com/d_driver_fallback_image.png/content/dam/fom-website/drivers/G/GABBOR01_Gabriel_Bortoleto/gabbor01.png.transform/1col/image.png
BOR,Gabriel Bortoleto,Kick Sauber,Miami,0.0,14,13,18,https://media.formula1.com/d_driver_fallback_image.png/content/dam/fom-website/drivers/G/GABBOR01_Gabriel_Bortoleto/gabbor01.png.transform/1col/image.png
BOR,Gabriel Bortoleto,Kick Sauber,Emilia Romagna,0.0,14,14,18,https://media.formula1.com/d_driver_fallback_image.png/content/dam/fom-website/drivers/G/GABBOR01_Gabriel_Bortoleto/gabbor01.png.transform/1col/image.png
BOR,Gabriel Bortoleto,Kick Sauber,Monaco,0.0,14,16,14,https://media.formula1.com/d_driver_fallback_image.png/content/dam/fom-website/drivers/G/GABBOR01_Gabriel_Bortoleto/gabbor01.png.transform/1col/image.png
BOR,Gabriel Bortoleto,Kick Sauber,Spanish,0.0,14,12,12,https://media.formula1.com/d_driver_fallback_image.png/content/dam/fom-website/drivers/G/GABBOR01_Gabriel_Bortoleto/gabbor01.png.transform/1col/image.png
BOR,Gabriel Bortoleto,Kick Sauber,Canadian,0.0,14,15,14,https://media.formula1.com/d_driver_fallback_image.png/content/dam/fom-website/drivers/G/GABBOR01_Gabriel_Bortoleto/gabbor01.png.transform/1col/image.png
BOR,Gabriel Bortoleto,Kick Sauber,Austrian,4.0,14,8,8,https://media.formula1.com/d_driver_fallback_image.png/content/dam/fom-website/drivers/G/GABBOR01_Gabriel_Bortoleto/gabbor01.png.transform/1col/image.png
BOR,Gabriel Bortoleto,Kick Sauber,British,0.0,14,16,18,https://media.formula1.com/d_driver_fallback_image.png/content/dam/fom-website/drivers/G/GABBOR01_Gabriel_Bortoleto/gabbor01.png.transform/1col/image.png
BOR,Gabriel Bortoleto,Kick Sauber,Belgian,2.0,14,10,9,https://media.formula1.com/d_driver_fallback_image.png/content/dam/fom-website/drivers/G/GABBOR01_Gabriel_Bortoleto/gabbor01.png.transform/1col/image.png
BOR,Gabriel Bortoleto,Kick Sauber,Hungarian,8.0,14,7,6,https://media.formula1.com/d_driver_fallback_image.png/content/dam/fom-website/drivers/G/GABBOR01_Gabriel_Bortoleto/gabbor01.png.transform/1col/image.png
TSU,Yuki Tsunoda,Racing Bulls,Australian,0.0,10,5,12,https://media.formula1.com/d_driver_fallback_image.png/content/dam/fom-website/drivers/Y/YUKTSU01_Yuki_Tsunoda/yuktsu01.png.transform/1col/image.png
TSU,Yuki Tsunoda,Racing Bulls,Chinese,3.0,10,9,16,https://media.formula1.com/d_driver_fallback_image.png/content/dam/fom-website/drivers/Y/YUKTSU01_Yuki_Tsunoda/yuktsu01.png.transform/1col/image.png
TSU,Yuki Tsunoda,Red Bull Racing,Japanese,0.0,10,14,12,https://media.formula1.com/d_driver_fallback_image.png/content/dam/fom-website/drivers/Y/YUKTSU01_Yuki_Tsunoda/yuktsu01.png.transform/1col/image.png
TSU,Yuki Tsunoda,Red Bull Racing,Bahrain,2.0,10,10,9,https://media.formula1.com/d_driver_fallback_image.png/content/dam/fom-website/drivers/Y/YUKTSU01_Yuki_Tsunoda/yuktsu01.png.transform/1col/image.png
TSU,Yuki Tsunoda,Red Bull Racing,Saudi Arabian,0.0,10,8,19,https://media.formula1.com/d_driver_fallback_image.png/content/dam/fom-website/drivers/Y/YUKTSU01_Yuki_Tsunoda/yuktsu01.png.transform/1col/image.png
TSU,Yuki Tsunoda,Red Bull Racing,Miami,4.0,10,10,10,https://media.formula1.com/d_driver_fallback_image.png/content/dam/fom-website/drivers/Y/YUKTSU01_Yuki_Tsunoda/yuktsu01.png.transform/1col/image.png
TSU,Yuki Tsunoda,Red Bull Racing,Emilia Romagna,1.0,10,20,10,https://media.formula1.com/d_driver_fallback_image.png/content/dam/fom-website/drivers/Y/YUKTSU01_Yuki_Tsunoda/yuktsu01.png.transform/1col/image.png
TSU,Yuki Tsunoda,Red Bull Racing,Monaco,0.0,10,12,17,https://media.formula1.com/d_driver_fallback_image.png/content/dam/fom-website/drivers/Y/YUKTSU01_Yuki_Tsunoda/yuktsu01.png.transform/1col/image.png
TSU,Yuki Tsunoda,Red Bull Racing,Spanish,0.0,10,19,13,https://media.formula1.com/d_driver_fallback_image.png/content/dam/fom-website/drivers/Y/YUKTSU01_Yuki_Tsunoda/yuktsu01.png.transform/1col/image.png
TSU,Yuki Tsunoda,Red Bull Racing,Canadian,0.0,10,18,12,https://media.formula1.com/d_driver_fallback_image.png/content/dam/fom-website/drivers/Y/YUKTSU01_Yuki_Tsunoda/yuktsu01.png.transform/1col/image.png
TSU,Yuki Tsunoda,Red Bull Racing,Austrian,0.0,10,18,16,https://media.formula1.com/d_driver_fallback_image.png/content/dam/fom-website/drivers/Y/YUKTSU01_Yuki_Tsunoda/yuktsu01.png.transform/1col/image.png
TSU,Yuki Tsunoda,Red Bull Racing,British,0.0,10,11,15,https://media.formula1.com/d_driver_fallback_image.png/content/dam/fom-website/drivers/Y/YUKTSU01_Yuki_Tsunoda/yuktsu01.png.transform/1col/image.png
TSU,Yuki Tsunoda,Red Bull Racing,Belgian,0.0,10,7,13,https://media.formula1.com/d_driver_fallback_image.png/content/dam/fom-website/drivers/Y/YUKTSU01_Yuki_Tsunoda/yuktsu01.png.transform/1col/image.png
TSU,Yuki Tsunoda,Red Bull Racing,Hungarian,0.0,10,20,17,https://media.formula1.com/d_driver_fallback_image.png/content/dam/fom-website/drivers/Y/YUKTSU01_Yuki_Tsunoda/yuktsu01.png.transform/1col/image.png
BEA,Oliver Bearman,Haas F1 Team,Australian,0.0,8,20,14,https://media.formula1.com/d_driver_fallback_image.png/content/dam/fom-website/drivers/O/OLIBEA01_Oliver_Bearman/olibea01.png.transform/1col/image.png
BEA,Oliver Bearman,Haas F1 Team,Chinese,4.0,8,17,8,https://media.formula1.com/d_driver_fallback_image.png/content/dam/fom-website/drivers/O/OLIBEA01_Oliver_Bearman/olibea01.png.transform/1col/image.png
BEA,Oliver Bearman,Haas F1 Team,Japanese,1.0,8,10,10,https://media.formula1.com/d_driver_fallback_image.png/content/dam/fom-website/drivers/O/OLIBEA01_Oliver_Bearman/olibea01.png.transform/1col/image.png
BEA,Oliver Bearman,Haas F1 Team,Bahrain,1.0,8,20,10,https://media.formula1.com/d_driver_fallback_image.png/content/dam/fom-website/drivers/O/OLIBEA01_Oliver_Bearman/olibea01.png.transform/1col/image.png
BEA,Oliver Bearman,Haas F1 Team,Saudi Arabian,0.0,8,15,13,https://media.formula1.com/d_driver_fallback_image.png/content/dam/fom-website/drivers/O/OLIBEA01_Oliver_Bearman/olibea01.png.transform/1col/image.png
BEA,Oliver Bearman,Haas F1 Team,Miami,0.0,8,19,19,https://media.formula1.com/d_driver_fallback_image.png/content/dam/fom-website/drivers/O/OLIBEA01_Oliver_Bearman/olibea01.png.transform/1col/image.png
BEA,Oliver Bearman,Haas F1 Team,Emilia Romagna,0.0,8,19,17,https://media.formula1.com/d_driver_fallback_image.png/content/dam/fom-website/drivers/O/OLIBEA01_Oliver_Bearman/olibea01.png.transform/1col/image.png
BEA,Oliver Bearman,Haas F1 Team,Monaco,0.0,8,20,12,https://media.formula1.com/d_driver_fallback_image.png/content/dam/fom-website/drivers/O/OLIBEA01_Oliver_Bearman/olibea01.png.transform/1col/image.png
BEA,Oliver Bearman,Haas F1 Team,Spanish,0.0,8,14,17,https://media.formula1.com/d_driver_fallback_image.png/content/dam/fom-website/drivers/O/OLIBEA01_Oliver_Bearman/olibea01.png.transform/1col/image.png
BEA,Oliver Bearman,Haas F1 Team,Canadian,0.0,8,13,11,https://media.formula1.com/d_driver_fallback_image.png/content/dam/fom-website/drivers/O/OLIBEA01_Oliver_Bearman/olibea01.png.transform/1col/image.png
BEA,Oliver Bearman,Haas F1 Team,Austrian,0.0,8,15,11,https://media.formula1.com/d_driver_fallback_image.png/content/dam/fom-website/drivers/O/OLIBEA01_Oliver_Bearman/olibea01.png.transform/1col/image.png
BEA,Oliver Bearman,Haas F1 Team,British,0.0,8,18,11,https://media.formula1.com/d_driver_fallback_image.png/content/dam/fom-website/drivers/O/OLIBEA01_Oliver_Bearman/olibea01.png.transform/1col/image.png
BEA,Oliver Bearman,Haas F1 Team,Belgian,2.0,8,12,11,https://media.formula1.com/d_driver_fallback_image.png/content/dam/fom-website/drivers/O/OLIBEA01_Oliver_Bearman/olibea01.png.transform/1col/image.png
BEA,Oliver Bearman,Haas F1 Team,Hungarian,0.0,8,11,20,https://media.formula1.com/d_driver_fallback_image.png/content/dam/fom-website/drivers/O/OLIBEA01_Oliver_Bearman/olibea01.png.transform/1col/image.png
DOO,Jack Doohan,Alpine,Australian,0.0,0,14,19,https://media.formula1.com/d_driver_fallback_image.png/content/dam/fom-website/drivers/J/JACDOO01_Jack_Doohan/jacdoo01.png.transform/1col/image.png
DOO,Jack Doohan,Alpine,Chinese,0.0,0,18,13,https://media.formula1.com/d_driver_fallback_image.png/content/dam/fom-website/drivers/J/JACDOO01_Jack_Doohan/jacdoo01.png.transform/1col/image.png
DOO,Jack Doohan,Alpine,Japanese,0.0,0,19,15,https://media.formula1.com/d_driver_fallback_image.png/content/dam/fom-website/drivers/J/JACDOO01_Jack_Doohan/jacdoo01.png.transform/1col/image.png
DOO,Jack Doohan,Alpine,Bahrain,0.0,0,11,14,https://media.formula1.com/d_driver_fallback_image.png/content/dam/fom-website/drivers/J/JACDOO01_Jack_Doohan/jacdoo01.png.transform/1col/image.png
DOO,Jack Doohan,Alpine,Saudi Arabian,0.0,0,17,17,https://media.formula1.com/d_driver_fallback_image.png/content/dam/fom-website/drivers/J/JACDOO01_Jack_Doohan/jacdoo01.png.transform/1col/image.png
DOO,Jack Doohan,Alpine,Miami,0.0,0,14,20,https://media.formula1.com/d_driver_fallback_image.png/content/dam/fom-website/drivers/J/JACDOO01_Jack_Doohan/jacdoo01.png.transform/1col/image.png
COL,Franco Colapinto,Alpine,Emilia Romagna,0.0,0,16,16,https://media.formula1.com/d_driver_fallback_image.png/content/dam/fom-website/drivers/F/FRACOL01_Franco_Colapinto/fracol01.png.transform/1col/image.png
COL,Franco Colapinto,Alpine,Monaco,0.0,0,18,13,https://media.formula1.com/d_driver_fallback_image.png/content/dam/fom-website/drivers/F/FRACOL01_Franco_Colapinto/fracol01.png.transform/1col/image.png
COL,Franco Colapinto,Alpine,Spanish,0.0,0,18,15,https://media.formula1.com/d_driver_fallback_image.png/content/dam/fom-website/drivers/F/FRACOL01_Franco_Colapinto/fracol01.png.transform/1col/image.png
COL,Franco Colapinto,Alpine,Canadian,0.0,0,10,13,https://media.formula1.com/d_driver_fallback_image.png/content/dam/fom-website/drivers/F/FRACOL01_Franco_Colapinto/fracol01.png.transform/1col/image.png
COL,Franco Colapinto,Alpine,Austrian,0.0,0,14,15,https://media.formula1.com/d_driver_fallback_image.png/content/dam/fom-website/drivers/F/FRACOL01_Franco_Colapinto/fracol01.png.transform/1col/image.png
COL,Franco Colapinto,Alpine,British,0.0,0,20,20,https://media.formula1.com/d_driver_fallback_image.png/content/dam/fom-website/drivers/F/FRACOL01_Franco_Colapinto/fracol01.png.transform/1col/image.png
COL,Franco Colapinto,Alpine,Belgian,0.0,0,15,19,https://media.formula1.com/d_driver_fallback_image.png/content/dam/fom-website/drivers/F/FRACOL01_Franco_Colapinto/fracol01.png.transform/1col/image.png
COL,Franco Colapinto,Alpine,Hungarian,0.0,0,14,18,https://media.formula1.com/d_driver_fallback_image.png/content/dam/fom-website/drivers/F/FRACOL01_Franco_Colapinto/fracol01.png.transform/1col/image.png
