Driver,DriverName,Team,EventName,EventNameFull,Points,TotalPoints,Rank,RankLabel,HeadshotUrl,GridPosition,FinishPosition
NOR,Lando Norris,McLaren,Australian,Australian Grand Prix,25.0,390,1,1er,https://media.formula1.com/d_driver_fallback_image.png/content/dam/fom-website/drivers/L/LANNOR01_Lando_Norris/lannor01.png.transform/1col/image.png,1,1
NOR,Lando Norris,McLaren,Chinese,Chinese Grand Prix,19.0,390,1,1er,https://media.formula1.com/d_driver_fallback_image.png/content/dam/fom-website/drivers/L/LANNOR01_Lando_Norris/lannor01.png.transform/1col/image.png,3,2
NOR,Lando Norris,McLaren,Japanese,Japanese Grand Prix,18.0,390,1,1er,https://media.formula1.com/d_driver_fallback_image.png/content/dam/fom-website/drivers/L/LANNOR01_Lando_Norris/lannor01.png.transform/1col/image.png,2,2
NOR,Lando Norris,McLaren,Bahrain,Bahrain Grand Prix,15.0,390,1,1er,https://media.formula1.com/d_driver_fallback_image.png/content/dam/fom-website/drivers/L/LANNOR01_Lando_Norris/lannor01.png.transform/1col/image.png,6,3
NOR,Lando Norris,McLaren,Saudi Arabian,Saudi Arabian Grand Prix,12.0,390,1,1er,https://media.formula1.com/d_driver_fallback_image.png/content/dam/fom-website/drivers/L/LANNOR01_Lando_Norris/lannor01.png.transform/1col/image.png,10,4
NOR,Lando Norris,McLaren,Miami,Miami Grand Prix,26.0,390,1,1er,https://media.formula1.com/d_driver_fallback_image.png/content/dam/fom-website/drivers/L/LANNOR01_Lando_Norris/lannor01.png.transform/1col/image.png,2,2
NOR,Lando Norris,McLaren,Emilia Romagna,Emilia Romagna Grand Prix,18.0,390,1,1er,https://media.formula1.com/d_driver_fallback_image.png/content/dam/fom-website/drivers/L/LANNOR01_Lando_Norris/lannor01.png.transform/1col/image.png,4,2
NOR,Lando Norris,McLaren,Monaco,Monaco Grand Prix,25.0,390,1,1er,https://media.formula1.com/d_driver_fallback_image.png/content/dam/fom-website/drivers/L/LANNOR01_Lando_Norris/lannor01.png.transform/1col/image.png,1,1
NOR,Lando Norris,McLaren,Spanish,Spanish Grand Prix,18.0,390,1,1er,https://media.formula1.com/d_driver_fallback_image.png/content/dam/fom-website/drivers/L/LANNOR01_Lando_Norris/lannor01.png.transform/1col/image.png,2,2
NOR,Lando Norris,McLaren,Canadian,Canadian Grand Prix,0.0,390,1,1er,https://media.formula1.com/d_driver_fallback_image.png/content/dam/fom-website/drivers/L/LANNOR01_Lando_Norris/lannor01.png.transform/1col/image.png,7,18
NOR,Lando Norris,McLaren,Austrian,Austrian Grand Prix,25.0,390,1,1er,https://media.formula1.com/d_driver_fallback_image.png/content/dam/fom-website/drivers/L/LANNOR01_Lando_Norris/lannor01.png.transform/1col/image.png,1,1
NOR,Lando Norris,McLaren,British,British Grand Prix,25.0,390,1,1er,https://media.formula1.com/d_driver_fallback_image.png/content/dam/fom-website/drivers/L/LANNOR01_Lando_Norris/lannor01.png.transform/1col/image.png,3,1
NOR,Lando Norris,McLaren,Belgian,Belgian Grand Prix,24.0,390,1,1er,https://media.formula1.com/d_driver_fallback_image.png/content/dam/fom-website/drivers/L/LANNOR01_Lando_Norris/lannor01.png.transform/1col/image.png,1,2
NOR,Lando Norris,McLaren,Hungarian,Hungarian Grand Prix,25.0,390,1,1er,https://media.formula1.com/d_driver_fallback_image.png/content/dam/fom-website/drivers/L/LANNOR01_Lando_Norris/lannor01.png.transform/1col/image.png,3,1
NOR,Lando Norris,McLaren,Dutch,Dutch Grand Prix,0.0,390,1,1er,https://media.formula1.com/d_driver_fallback_image.png/content/dam/fom-website/drivers/L/LANNOR01_Lando_Norris/lannor01.png.transform/1col/image.png,2,18
NOR,Lando Norris,McLaren,Italian,Italian Grand Prix,18.0,390,1,1er,https://media.formula1.com/d_driver_fallback_image.png/content/dam/fom-website/drivers/L/LANNOR01_Lando_Norris/lannor01.png.transform/1col/image.png,2,2
NOR,Lando Norris,McLaren,Azerbaijan,Azerbaijan Grand Prix,6.0,390,1,1er,https://media.formula1.com/d_driver_fallback_image.png/content/dam/fom-website/drivers/L/LANNOR01_Lando_Norris/lannor01.png.transform/1col/image.png,7,7
NOR,Lando Norris,McLaren,Singapore,Singapore Grand Prix,15.0,390,1,1er,https://media.formula1.com/d_driver_fallback_image.png/content/dam/fom-website/drivers/L/LANNOR01_Lando_Norris/lannor01.png.transform/1col/image.png,5,3
NOR,Lando Norris,McLaren,United States,United States Grand Prix,18.0,390,1,1er,https://media.formula1.com/d_driver_fallback_image.png/content/dam/fom-website/drivers/L/LANNOR01_Lando_Norris/lannor01.png.transform/1col/image.png,2,2
NOR,Lando Norris,McLaren,Mexico City,Mexico City Grand Prix,25.0,390,1,1er,https://media.formula1.com/d_driver_fallback_image.png/content/dam/fom-website/drivers/L/LANNOR01_Lando_Norris/lannor01.png.transform/1col/image.png,1,1
NOR,Lando Norris,McLaren,São Paulo,São Paulo Grand Prix,33.0,390,1,1er,https://media.formula1.com/d_driver_fallback_image.png/content/dam/fom-website/drivers/L/LANNOR01_Lando_Norris/lannor01.png.transform/1col/image.png,1,1
PIA,Oscar Piastri,McLaren,Australian,Australian Grand Prix,2.0,366,2,2e,https://media.formula1.com/d_driver_fallback_image.png/content/dam/fom-website/drivers/O/OSCPIA01_Oscar_Piastri/oscpia01.png.transform/1col/image.png,2,9
PIA,Oscar Piastri,McLaren,Chinese,Chinese Grand Prix,32.0,366,2,2e,https://media.formula1.com/d_driver_fallback_image.png/content/dam/fom-website/drivers/O/OSCPIA01_Oscar_Piastri/oscpia01.png.transform/1col/image.png,1,1
PIA,Oscar Piastri,McLaren,Japanese,Japanese Grand Prix,15.0,366,2,2e,https://media.formula1.com/d_driver_fallback_image.png/content/dam/fom-website/drivers/O/OSCPIA01_Oscar_Piastri/oscpia01.png.transform/1col/image.png,3,3
PIA,Oscar Piastri,McLaren,Bahrain,Bahrain Grand Prix,25.0,366,2,2e,https://media.formula1.com/d_driver_fallback_image.png/content/dam/fom-website/drivers/O/OSCPIA01_Oscar_Piastri/oscpia01.png.transform/1col/image.png,1,1
PIA,Oscar Piastri,McLaren,Saudi Arabian,Saudi Arabian Grand Prix,25.0,366,2,2e,https://media.formula1.com/d_driver_fallback_image.png/content/dam/fom-website/drivers/O/OSCPIA01_Oscar_Piastri/oscpia01.png.transform/1col/image.png,2,1
PIA,Oscar Piastri,McLaren,Miami,Miami Grand Prix,32.0,366,2,2e,https://media.formula1.com/d_driver_fallback_image.png/content/dam/fom-website/drivers/O/OSCPIA01_Oscar_Piastri/oscpia01.png.transform/1col/image.png,4,1
PIA,Oscar Piastri,McLaren,Emilia Romagna,Emilia Romagna Grand Prix,15.0,366,2,2e,https://media.formula1.com/d_driver_fallback_image.png/content/dam/fom-website/drivers/O/OSCPIA01_Oscar_Piastri/oscpia01.png.transform/1col/image.png,1,3
PIA,Oscar Piastri,McLaren,Monaco,Monaco Grand Prix,15.0,366,2,2e,https://media.formula1.com/d_driver_fallback_image.png/content/dam/fom-website/drivers/O/OSCPIA01_Oscar_Piastri/oscpia01.png.transform/1col/image.png,3,3
PIA,Oscar Piastri,McLaren,Spanish,Spanish Grand Prix,25.0,366,2,2e,https://media.formula1.com/d_driver_fallback_image.png/content/dam/fom-website/drivers/O/OSCPIA01_Oscar_Piastri/oscpia01.png.transform/1col/image.png,1,1
PIA,Oscar Piastri,McLaren,Canadian,Canadian Grand Prix,12.0,366,2,2e,https://media.formula1.com/d_driver_fallback_image.png/content/dam/fom-website/drivers/O/OSCPIA01_Oscar_Piastri/oscpia01.png.transform/1col/image.png,3,4
PIA,Oscar Piastri,McLaren,Austrian,Austrian Grand Prix,18.0,366,2,2e,https://media.formula1.com/d_driver_fallback_image.png/content/dam/fom-website/drivers/O/OSCPIA01_Oscar_Piastri/oscpia01.png.transform/1col/image.png,3,2
PIA,Oscar Piastri,McLaren,British,British Grand Prix,18.0,366,2,2e,https://media.formula1.com/d_driver_fallback_image.png/content/dam/fom-website/drivers/O/OSCPIA01_Oscar_Piastri/oscpia01.png.transform/1col/image.png,2,2
PIA,Oscar Piastri,McLaren,Belgian,Belgian Grand Prix,32.0,366,2,2e,https://media.formula1.com/d_driver_fallback_image.png/content/dam/fom-website/drivers/O/OSCPIA01_Oscar_Piastri/oscpia01.png.transform/1col/image.png,2,1
PIA,Oscar Piastri,McLaren,Hungarian,Hungarian Grand Prix,18.0,366,2,2e,https://media.formula1.com/d_driver_fallback_image.png/content/dam/fom-website/drivers/O/OSCPIA01_Oscar_Piastri/oscpia01.png.transform/1col/image.png,2,2
PIA,Oscar Piastri,McLaren,Dutch,Dutch Grand Prix,25.0,366,2,2e,https://media.formula1.com/d_driver_fallback_image.png/content/dam/fom-website/drivers/O/OSCPIA01_Oscar_Piastri/oscpia01.png.transform/1col/image.png,1,1
PIA,Oscar Piastri,McLaren,Italian,Italian Grand Prix,15.0,366,2,2e,https://media.formula1.com/d_driver_fallback_image.png/content/dam/fom-website/drivers/O/OSCPIA01_Oscar_Piastri/oscpia01.png.transform/1col/image.png,3,3
PIA,Oscar Piastri,McLaren,Azerbaijan,Azerbaijan Grand Prix,0.0,366,2,2e,https://media.formula1.com/d_driver_fallback_image.png/content/dam/fom-website/drivers/O/OSCPIA01_Oscar_Piastri/oscpia01.png.transform/1col/image.png,9,20
PIA,Oscar Piastri,McLaren,Singapore,Singapore Grand Prix,12.0,366,2,2e,https://media.formula1.com/d_driver_fallback_image.png/content/dam/fom-website/drivers/O/OSCPIA01_Oscar_Piastri/oscpia01.png.transform/1col/image.png,3,4
PIA,Oscar Piastri,McLaren,United States,United States Grand Prix,10.0,366,2,2e,https://media.formula1.com/d_driver_fallback_image.png/content/dam/fom-website/drivers/O/OSCPIA01_Oscar_Piastri/oscpia01.png.transform/1col/image.png,6,5
PIA,Oscar Piastri,McLaren,Mexico City,Mexico City Grand Prix,10.0,366,2,2e,https://media.formula1.com/d_driver_fallback_image.png/content/dam/fom-website/drivers/O/OSCPIA01_Oscar_Piastri/oscpia01.png.transform/1col/image.png,7,5
PIA,Oscar Piastri,McLaren,São Paulo,São Paulo Grand Prix,10.0,366,2,2e,https://media.formula1.com/d_driver_fallback_image.png/content/dam/fom-website/drivers/O/OSCPIA01_Oscar_Piastri/oscpia01.png.transform/1col/image.png,4,5
VER,Max Verstappen,Red Bull Racing,Australian,Australian Grand Prix,18.0,341,3,3e,https://media.formula1.com/d_driver_fallback_image.png/content/dam/fom-website/drivers/M/MAXVER01_Max_Verstappen/maxver01.png.transform/1col/image.png,3,2
VER,Max Verstappen,Red Bull Racing,Chinese,Chinese Grand Prix,18.0,341,3,3e,https://media.formula1.com/d_driver_fallback_image.png/content/dam/fom-website/drivers/M/MAXVER01_Max_Verstappen/maxver01.png.transform/1col/image.png,4,4
VER,Max Verstappen,Red Bull Racing,Japanese,Japanese Grand Prix,25.0,341,3,3e,https://media.formula1.com/d_driver_fallback_image.png/content/dam/fom-website/drivers/M/MAXVER01_Max_Verstappen/maxver01.png.transform/1col/image.png,1,1
VER,Max Verstappen,Red Bull Racing,Bahrain,Bahrain Grand Prix,8.0,341,3,3e,https://media.formula1.com/d_driver_fallback_image.png/content/dam/fom-website/drivers/M/MAXVER01_Max_Verstappen/maxver01.png.transform/1col/image.png,7,6
VER,Max Verstappen,Red Bull Racing,Saudi Arabian,Saudi Arabian Grand Prix,18.0,341,3,3e,https://media.formula1.com/d_driver_fallback_image.png/content/dam/fom-website/drivers/M/MAXVER01_Max_Verstappen/maxver01.png.transform/1col/image.png,1,2
VER,Max Verstappen,Red Bull Racing,Miami,Miami Grand Prix,12.0,341,3,3e,https://media.formula1.com/d_driver_fallback_image.png/content/dam/fom-website/drivers/M/MAXVER01_Max_Verstappen/maxver01.png.transform/1col/image.png,1,4
VER,Max Verstappen,Red Bull Racing,Emilia Romagna,Emilia Romagna Grand Prix,25.0,341,3,3e,https://media.formula1.com/d_driver_fallback_image.png/content/dam/fom-website/drivers/M/MAXVER01_Max_Verstappen/maxver01.png.transform/1col/image.png,2,1
VER,Max Verstappen,Red Bull Racing,Monaco,Monaco Grand Prix,12.0,341,3,3e,https://media.formula1.com/d_driver_fallback_image.png/content/dam/fom-website/drivers/M/MAXVER01_Max_Verstappen/maxver01.png.transform/1col/image.png,4,4
VER,Max Verstappen,Red Bull Racing,Spanish,Spanish Grand Prix,1.0,341,3,3e,https://media.formula1.com/d_driver_fallback_image.png/content/dam/fom-website/drivers/M/MAXVER01_Max_Verstappen/maxver01.png.transform/1col/image.png,3,10
VER,Max Verstappen,Red Bull Racing,Canadian,Canadian Grand Prix,18.0,341,3,3e,https://media.formula1.com/d_driver_fallback_image.png/content/dam/fom-website/drivers/M/MAXVER01_Max_Verstappen/maxver01.png.transform/1col/image.png,2,2
VER,Max Verstappen,Red Bull Racing,Austrian,Austrian Grand Prix,0.0,341,3,3e,https://media.formula1.com/d_driver_fallback_image.png/content/dam/fom-website/drivers/M/MAXVER01_Max_Verstappen/maxver01.png.transform/1col/image.png,7,18
VER,Max Verstappen,Red Bull Racing,British,British Grand Prix,10.0,341,3,3e,https://media.formula1.com/d_driver_fallback_image.png/content/dam/fom-website/drivers/M/MAXVER01_Max_Verstappen/maxver01.png.transform/1col/image.png,1,5
VER,Max Verstappen,Red Bull Racing,Belgian,Belgian Grand Prix,20.0,341,3,3e,https://media.formula1.com/d_driver_fallback_image.png/content/dam/fom-website/drivers/M/MAXVER01_Max_Verstappen/maxver01.png.transform/1col/image.png,4,4
VER,Max Verstappen,Red Bull Racing,Hungarian,Hungarian Grand Prix,2.0,341,3,3e,https://media.formula1.com/d_driver_fallback_image.png/content/dam/fom-website/drivers/M/MAXVER01_Max_Verstappen/maxver01.png.transform/1col/image.png,8,9
VER,Max Verstappen,Red Bull Racing,Dutch,Dutch Grand Prix,18.0,341,3,3e,https://media.formula1.com/d_driver_fallback_image.png/content/dam/fom-website/drivers/M/MAXVER01_Max_Verstappen/maxver01.png.transform/1col/image.png,3,2
VER,Max Verstappen,Red Bull Racing,Italian,Italian Grand Prix,25.0,341,3,3e,https://media.formula1.com/d_driver_fallback_image.png/content/dam/fom-website/drivers/M/MAXVER01_Max_Verstappen/maxver01.png.transform/1col/image.png,1,1
VER,Max Verstappen,Red Bull Racing,Azerbaijan,Azerbaijan Grand Prix,25.0,341,3,3e,https://media.formula1.com/d_driver_fallback_image.png/content/dam/fom-website/drivers/M/MAXVER01_Max_Verstappen/maxver01.png.transform/1col/image.png,1,1
VER,Max Verstappen,Red Bull Racing,Singapore,Singapore Grand Prix,18.0,341,3,3e,https://media.formula1.com/d_driver_fallback_image.png/content/dam/fom-website/drivers/M/MAXVER01_Max_Verstappen/maxver01.png.transform/1col/image.png,2,2
VER,Max Verstappen,Red Bull Racing,United States,United States Grand Prix,33.0,341,3,3e,https://media.formula1.com/d_driver_fallback_image.png/content/dam/fom-website/drivers/M/MAXVER01_Max_Verstappen/maxver01.png.transform/1col/image.png,1,1
VER,Max Verstappen,Red Bull Racing,Mexico City,Mexico City Grand Prix,15.0,341,3,3e,https://media.formula1.com/d_driver_fallback_image.png/content/dam/fom-website/drivers/M/MAXVER01_Max_Verstappen/maxver01.png.transform/1col/image.png,5,3
VER,Max Verstappen,Red Bull Racing,São Paulo,São Paulo Grand Prix,20.0,341,3,3e,https://media.formula1.com/d_driver_fallback_image.png/content/dam/fom-website/drivers/M/MAXVER01_Max_Verstappen/maxver01.png.transform/1col/image.png,19,3
RUS,George Russell,Mercedes,Australian,Australian Grand Prix,15.0,276,4,4e,https://media.formula1.com/d_driver_fallback_image.png/content/dam/fom-website/drivers/G/GEORUS01_George_Russell/georus01.png.transform/1col/image.png,4,3
RUS,George Russell,Mercedes,Chinese,Chinese Grand Prix,20.0,276,4,4e,https://media.formula1.com/d_driver_fallback_image.png/content/dam/fom-website/drivers/G/GEORUS01_George_Russell/georus01.png.transform/1col/image.png,2,3
RUS,George Russell,Mercedes,Japanese,Japanese Grand Prix,10.0,276,4,4e,https://media.formula1.com/d_driver_fallback_image.png/content/dam/fom-website/drivers/G/GEORUS01_George_Russell/georus01.png.transform/1col/image.png,5,5
RUS,George Russell,Mercedes,Bahrain,Bahrain Grand Prix,18.0,276,4,4e,https://media.formula1.com/d_driver_fallback_image.png/content/dam/fom-website/drivers/G/GEORUS01_George_Russell/georus01.png.transform/1col/image.png,3,2
RUS,George Russell,Mercedes,Saudi Arabian,Saudi Arabian Grand Prix,10.0,276,4,4e,https://media.formula1.com/d_driver_fallback_image.png/content/dam/fom-website/drivers/G/GEORUS01_George_Russell/georus01.png.transform/1col/image.png,3,5
RUS,George Russell,Mercedes,Miami,Miami Grand Prix,20.0,276,4,4e,https://media.formula1.com/d_driver_fallback_image.png/content/dam/fom-website/drivers/G/GEORUS01_George_Russell/georus01.png.transform/1col/image.png,5,3
RUS,George Russell,Mercedes,Emilia Romagna,Emilia Romagna Grand Prix,6.0,276,4,4e,https://media.formula1.com/d_driver_fallback_image.png/content/dam/fom-website/drivers/G/GEORUS01_George_Russell/georus01.png.transform/1col/image.png,3,7
RUS,George Russell,Mercedes,Monaco,Monaco Grand Prix,0.0,276,4,4e,https://media.formula1.com/d_driver_fallback_image.png/content/dam/fom-website/drivers/G/GEORUS01_George_Russell/georus01.png.transform/1col/image.png,14,11
RUS,George Russell,Mercedes,Spanish,Spanish Grand Prix,12.0,276,4,4e,https://media.formula1.com/d_driver_fallback_image.png/content/dam/fom-website/drivers/G/GEORUS01_George_Russell/georus01.png.transform/1col/image.png,4,4
RUS,George Russell,Mercedes,Canadian,Canadian Grand Prix,25.0,276,4,4e,https://media.formula1.com/d_driver_fallback_image.png/content/dam/fom-website/drivers/G/GEORUS01_George_Russell/georus01.png.transform/1col/image.png,1,1
RUS,George Russell,Mercedes,Austrian,Austrian Grand Prix,10.0,276,4,4e,https://media.formula1.com/d_driver_fallback_image.png/content/dam/fom-website/drivers/G/GEORUS01_George_Russell/georus01.png.transform/1col/image.png,5,5
RUS,George Russell,Mercedes,British,British Grand Prix,1.0,276,4,4e,https://media.formula1.com/d_driver_fallback_image.png/content/dam/fom-website/drivers/G/GEORUS01_George_Russell/georus01.png.transform/1col/image.png,4,10
RUS,George Russell,Mercedes,Belgian,Belgian Grand Prix,10.0,276,4,4e,https://media.formula1.com/d_driver_fallback_image.png/content/dam/fom-website/drivers/G/GEORUS01_George_Russell/georus01.png.transform/1col/image.png,6,5
RUS,George Russell,Mercedes,Hungarian,Hungarian Grand Prix,15.0,276,4,4e,https://media.formula1.com/d_driver_fallback_image.png/content/dam/fom-website/drivers/G/GEORUS01_George_Russell/georus01.png.transform/1col/image.png,4,3
RUS,George Russell,Mercedes,Dutch,Dutch Grand Prix,12.0,276,4,4e,https://media.formula1.com/d_driver_fallback_image.png/content/dam/fom-website/drivers/G/GEORUS01_George_Russell/georus01.png.transform/1col/image.png,5,4
RUS,George Russell,Mercedes,Italian,Italian Grand Prix,10.0,276,4,4e,https://media.formula1.com/d_driver_fallback_image.png/content/dam/fom-website/drivers/G/GEORUS01_George_Russell/georus01.png.transform/1col/image.png,5,5
RUS,George Russell,Mercedes,Azerbaijan,Azerbaijan Grand Prix,18.0,276,4,4e,https://media.formula1.com/d_driver_fallback_image.png/content/dam/fom-website/drivers/G/GEORUS01_George_Russell/georus01.png.transform/1col/image.png,5,2
RUS,George Russell,Mercedes,Singapore,Singapore Grand Prix,25.0,276,4,4e,https://media.formula1.com/d_driver_fallback_image.png/content/dam/fom-website/drivers/G/GEORUS01_George_Russell/georus01.png.transform/1col/image.png,1,1
RUS,George Russell,Mercedes,United States,United States Grand Prix,15.0,276,4,4e,https://media.formula1.com/d_driver_fallback_image.png/content/dam/fom-website/drivers/G/GEORUS01_George_Russell/georus01.png.transform/1col/image.png,4,6
RUS,George Russell,Mercedes,Mexico City,Mexico City Grand Prix,6.0,276,4,4e,https://media.formula1.com/d_driver_fallback_image.png/content/dam/fom-website/drivers/G/GEORUS01_George_Russell/georus01.png.transform/1col/image.png,4,7
RUS,George Russell,Mercedes,São Paulo,São Paulo Grand Prix,18.0,276,4,4e,https://media.formula1.com/d_driver_fallback_image.png/content/dam/fom-website/drivers/G/GEORUS01_George_Russell/georus01.png.transform/1col/image.png,6,4
LEC,Charles Leclerc,Ferrari,Australian,Australian Grand Prix,4.0,214,5,5e,https://media.formula1.com/d_driver_fallback_image.png/content/dam/fom-website/drivers/C/CHALEC01_Charles_Leclerc/chalec01.png.transform/1col/image.png,7,8
LEC,Charles Leclerc,Ferrari,Chinese,Chinese Grand Prix,4.0,214,5,5e,https://media.formula1.com/d_driver_fallback_image.png/content/dam/fom-website/drivers/C/CHALEC01_Charles_Leclerc/chalec01.png.transform/1col/image.png,6,18
LEC,Charles Leclerc,Ferrari,Japanese,Japanese Grand Prix,12.0,214,5,5e,https://media.formula1.com/d_driver_fallback_image.png/content/dam/fom-website/drivers/C/CHALEC01_Charles_Leclerc/chalec01.png.transform/1col/image.png,4,4
LEC,Charles Leclerc,Ferrari,Bahrain,Bahrain Grand Prix,12.0,214,5,5e,https://media.formula1.com/d_driver_fallback_image.png/content/dam/fom-website/drivers/C/CHALEC01_Charles_Leclerc/chalec01.png.transform/1col/image.png,2,4
LEC,Charles Leclerc,Ferrari,Saudi Arabian,Saudi Arabian Grand Prix,15.0,214,5,5e,https://media.formula1.com/d_driver_fallback_image.png/content/dam/fom-website/drivers/C/CHALEC01_Charles_Leclerc/chalec01.png.transform/1col/image.png,4,3
LEC,Charles Leclerc,Ferrari,Miami,Miami Grand Prix,6.0,214,5,5e,https://media.formula1.com/d_driver_fallback_image.png/content/dam/fom-website/drivers/C/CHALEC01_Charles_Leclerc/chalec01.png.transform/1col/image.png,8,7
LEC,Charles Leclerc,Ferrari,Emilia Romagna,Emilia Romagna Grand Prix,8.0,214,5,5e,https://media.formula1.com/d_driver_fallback_image.png/content/dam/fom-website/drivers/C/CHALEC01_Charles_Leclerc/chalec01.png.transform/1col/image.png,11,6
LEC,Charles Leclerc,Ferrari,Monaco,Monaco Grand Prix,18.0,214,5,5e,https://media.formula1.com/d_driver_fallback_image.png/content/dam/fom-website/drivers/C/CHALEC01_Charles_Leclerc/chalec01.png.transform/1col/image.png,2,2
LEC,Charles Leclerc,Ferrari,Spanish,Spanish Grand Prix,15.0,214,5,5e,https://media.formula1.com/d_driver_fallback_image.png/content/dam/fom-website/drivers/C/CHALEC01_Charles_Leclerc/chalec01.png.transform/1col/image.png,7,3
LEC,Charles Leclerc,Ferrari,Canadian,Canadian Grand Prix,10.0,214,5,5e,https://media.formula1.com/d_driver_fallback_image.png/content/dam/fom-website/drivers/C/CHALEC01_Charles_Leclerc/chalec01.png.transform/1col/image.png,8,5
LEC,Charles Leclerc,Ferrari,Austrian,Austrian Grand Prix,15.0,214,5,5e,https://media.formula1.com/d_driver_fallback_image.png/content/dam/fom-website/drivers/C/CHALEC01_Charles_Leclerc/chalec01.png.transform/1col/image.png,2,3
LEC,Charles Leclerc,Ferrari,British,British Grand Prix,0.0,214,5,5e,https://media.formula1.com/d_driver_fallback_image.png/content/dam/fom-website/drivers/C/CHALEC01_Charles_Leclerc/chalec01.png.transform/1col/image.png,6,14
LEC,Charles Leclerc,Ferrari,Belgian,Belgian Grand Prix,20.0,214,5,5e,https://media.formula1.com/d_driver_fallback_image.png/content/dam/fom-website/drivers/C/CHALEC01_Charles_Leclerc/chalec01.png.transform/1col/image.png,3,3
LEC,Charles Leclerc,Ferrari,Hungarian,Hungarian Grand Prix,12.0,214,5,5e,https://media.formula1.com/d_driver_fallback_image.png/content/dam/fom-website/drivers/C/CHALEC01_Charles_Leclerc/chalec01.png.transform/1col/image.png,1,4
LEC,Charles Leclerc,Ferrari,Dutch,Dutch Grand Prix,0.0,214,5,5e,https://media.formula1.com/d_driver_fallback_image.png/content/dam/fom-website/drivers/C/CHALEC01_Charles_Leclerc/chalec01.png.transform/1col/image.png,6,19
LEC,Charles Leclerc,Ferrari,Italian,Italian Grand Prix,12.0,214,5,5e,https://media.formula1.com/d_driver_fallback_image.png/content/dam/fom-website/drivers/C/CHALEC01_Charles_Leclerc/chalec01.png.transform/1col/image.png,4,4
LEC,Charles Leclerc,Ferrari,Azerbaijan,Azerbaijan Grand Prix,2.0,214,5,5e,https://media.formula1.com/d_driver_fallback_image.png/content/dam/fom-website/drivers/C/CHALEC01_Charles_Leclerc/chalec01.png.transform/1col/image.png,10,9
LEC,Charles Leclerc,Ferrari,Singapore,Singapore Grand Prix,8.0,214,5,5e,https://media.formula1.com/d_driver_fallback_image.png/content/dam/fom-website/drivers/C/CHALEC01_Charles_Leclerc/chalec01.png.transform/1col/image.png,7,6
LEC,Charles Leclerc,Ferrari,United States,United States Grand Prix,19.0,214,5,5e,https://media.formula1.com/d_driver_fallback_image.png/content/dam/fom-website/drivers/C/CHALEC01_Charles_Leclerc/chalec01.png.transform/1col/image.png,3,3
LEC,Charles Leclerc,Ferrari,Mexico City,Mexico City Grand Prix,18.0,214,5,5e,https://media.formula1.com/d_driver_fallback_image.png/content/dam/fom-website/drivers/C/CHALEC01_Charles_Leclerc/chalec01.png.transform/1col/image.png,2,2
LEC,Charles Leclerc,Ferrari,São Paulo,São Paulo Grand Prix,4.0,214,5,5e,https://media.formula1.com/d_driver_fallback_image.png/content/dam/fom-website/drivers/C/CHALEC01_Charles_Leclerc/chalec01.png.transform/1col/image.png,3,19
HAM,Lewis Hamilton,Ferrari,Australian,Australian Grand Prix,1.0,148,6,6e,https://media.formula1.com/d_driver_fallback_image.png/content/dam/fom-website/drivers/L/LEWHAM01_Lewis_Hamilton/lewham01.png.transform/1col/image.png,8,10
HAM,Lewis Hamilton,Ferrari,Chinese,Chinese Grand Prix,8.0,148,6,6e,https://media.formula1.com/d_driver_fallback_image.png/content/dam/fom-website/drivers/L/LEWHAM01_Lewis_Hamilton/lewham01.png.transform/1col/image.png,5,19
HAM,Lewis Hamilton,Ferrari,Japanese,Japanese Grand Prix,6.0,148,6,6e,https://media.formula1.com/d_driver_fallback_image.png/content/dam/fom-website/drivers/L/LEWHAM01_Lewis_Hamilton/lewham01.png.transform/1col/image.png,8,7
HAM,Lewis Hamilton,Ferrari,Bahrain,Bahrain Grand Prix,10.0,148,6,6e,https://media.formula1.com/d_driver_fallback_image.png/content/dam/fom-website/drivers/L/LEWHAM01_Lewis_Hamilton/lewham01.png.transform/1col/image.png,9,5
HAM,Lewis Hamilton,Ferrari,Saudi Arabian,Saudi Arabian Grand Prix,6.0,148,6,6e,https://media.formula1.com/d_driver_fallback_image.png/content/dam/fom-website/drivers/L/LEWHAM01_Lewis_Hamilton/lewham01.png.transform/1col/image.png,7,7
HAM,Lewis Hamilton,Ferrari,Miami,Miami Grand Prix,10.0,148,6,6e,https://media.formula1.com/d_driver_fallback_image.png/content/dam/fom-website/drivers/L/LEWHAM01_Lewis_Hamilton/lewham01.png.transform/1col/image.png,12,8
HAM,Lewis Hamilton,Ferrari,Emilia Romagna,Emilia Romagna Grand Prix,12.0,148,6,6e,https://media.formula1.com/d_driver_fallback_image.png/content/dam/fom-website/drivers/L/LEWHAM01_Lewis_Hamilton/lewham01.png.transform/1col/image.png,12,4
HAM,Lewis Hamilton,Ferrari,Monaco,Monaco Grand Prix,10.0,148,6,6e,https://media.formula1.com/d_driver_fallback_image.png/content/dam/fom-website/drivers/L/LEWHAM01_Lewis_Hamilton/lewham01.png.transform/1col/image.png,7,5
HAM,Lewis Hamilton,Ferrari,Spanish,Spanish Grand Prix,8.0,148,6,6e,https://media.formula1.com/d_driver_fallback_image.png/content/dam/fom-website/drivers/L/LEWHAM01_Lewis_Hamilton/lewham01.png.transform/1col/image.png,5,6
HAM,Lewis Hamilton,Ferrari,Canadian,Canadian Grand Prix,8.0,148,6,6e,https://media.formula1.com/d_driver_fallback_image.png/content/dam/fom-website/drivers/L/LEWHAM01_Lewis_Hamilton/lewham01.png.transform/1col/image.png,5,6
HAM,Lewis Hamilton,Ferrari,Austrian,Austrian Grand Prix,12.0,148,6,6e,https://media.formula1.com/d_driver_fallback_image.png/content/dam/fom-website/drivers/L/LEWHAM01_Lewis_Hamilton/lewham01.png.transform/1col/image.png,4,4
HAM,Lewis Hamilton,Ferrari,British,British Grand Prix,12.0,148,6,6e,https://media.formula1.com/d_driver_fallback_image.png/content/dam/fom-website/drivers/L/LEWHAM01_Lewis_Hamilton/lewham01.png.transform/1col/image.png,5,4
HAM,Lewis Hamilton,Ferrari,Belgian,Belgian Grand Prix,6.0,148,6,6e,https://media.formula1.com/d_driver_fallback_image.png/content/dam/fom-website/drivers/L/LEWHAM01_Lewis_Hamilton/lewham01.png.transform/1col/image.png,18,7
HAM,Lewis Hamilton,Ferrari,Hungarian,Hungarian Grand Prix,0.0,148,6,6e,https://media.formula1.com/d_driver_fallback_image.png/content/dam/fom-website/drivers/L/LEWHAM01_Lewis_Hamilton/lewham01.png.transform/1col/image.png,12,12
HAM,Lewis Hamilton,Ferrari,Dutch,Dutch Grand Prix,0.0,148,6,6e,https://media.formula1.com/d_driver_fallback_image.png/content/dam/fom-website/drivers/L/LEWHAM01_Lewis_Hamilton/lewham01.png.transform/1col/image.png,7,20
HAM,Lewis Hamilton,Ferrari,Italian,Italian Grand Prix,8.0,148,6,6e,https://media.formula1.com/d_driver_fallback_image.png/content/dam/fom-website/drivers/L/LEWHAM01_Lewis_Hamilton/lewham01.png.transform/1col/image.png,10,6
HAM,Lewis Hamilton,Ferrari,Azerbaijan,Azerbaijan Grand Prix,4.0,148,6,6e,https://media.formula1.com/d_driver_fallback_image.png/content/dam/fom-website/drivers/L/LEWHAM01_Lewis_Hamilton/lewham01.png.transform/1col/image.png,12,8
HAM,Lewis Hamilton,Ferrari,Singapore,Singapore Grand Prix,4.0,148,6,6e,https://media.formula1.com/d_driver_fallback_image.png/content/dam/fom-website/drivers/L/LEWHAM01_Lewis_Hamilton/lewham01.png.transform/1col/image.png,6,8
HAM,Lewis Hamilton,Ferrari,United States,United States Grand Prix,17.0,148,6,6e,https://media.formula1.com/d_driver_fallback_image.png/content/dam/fom-website/drivers/L/LEWHAM01_Lewis_Hamilton/lewham01.png.transform/1col/image.png,5,4
HAM,Lewis Hamilton,Ferrari,Mexico City,Mexico City Grand Prix,4.0,148,6,6e,https://media.formula1.com/d_driver_fallback_image.png/content/dam/fom-website/drivers/L/LEWHAM01_Lewis_Hamilton/lewham01.png.transform/1col/image.png,3,8
HAM,Lewis Hamilton,Ferrari,São Paulo,São Paulo Grand Prix,2.0,148,6,6e,https://media.formula1.com/d_driver_fallback_image.png/content/dam/fom-website/drivers/L/LEWHAM01_Lewis_Hamilton/lewham01.png.transform/1col/image.png,13,18
ANT,Andrea Kimi Antonelli,Mercedes,Australian,Australian Grand Prix,12.0,122,7,7e,https://media.formula1.com/d_driver_fallback_image.png/content/dam/fom-website/drivers/A/ANDANT01_Andrea%20Kimi_Antonelli/andant01.png.transform/1col/image.png,16,4
ANT,Kimi Antonelli,Mercedes,Chinese,Chinese Grand Prix,10.0,122,7,7e,https://media.formula1.com/d_driver_fallback_image.png/content/dam/fom-website/drivers/A/ANDANT01_Andrea%20Kimi_Antonelli/andant01.png.transform/1col/image.png,8,6
ANT,Kimi Antonelli,Mercedes,Japanese,Japanese Grand Prix,8.0,122,7,7e,https://media.formula1.com/d_driver_fallback_image.png/content/dam/fom-website/drivers/A/ANDANT01_Andrea%20Kimi_Antonelli/andant01.png.transform/1col/image.png,6,6
ANT,Kimi Antonelli,Mercedes,Bahrain,Bahrain Grand Prix,0.0,122,7,7e,https://media.formula1.com/d_driver_fallback_image.png/content/dam/fom-website/drivers/A/ANDANT01_Andrea%20Kimi_Antonelli/andant01.png.transform/1col/image.png,5,11
ANT,Kimi Antonelli,Mercedes,Saudi Arabian,Saudi Arabian Grand Prix,8.0,122,7,7e,https://media.formula1.com/d_driver_fallback_image.png/content/dam/fom-website/drivers/A/ANDANT01_Andrea%20Kimi_Antonelli/andant01.png.transform/1col/image.png,5,6
ANT,Kimi Antonelli,Mercedes,Miami,Miami Grand Prix,10.0,122,7,7e,https://media.formula1.com/d_driver_fallback_image.png/content/dam/fom-website/drivers/A/ANDANT01_Andrea%20Kimi_Antonelli/andant01.png.transform/1col/image.png,3,6
ANT,Kimi Antonelli,Mercedes,Emilia Romagna,Emilia Romagna Grand Prix,0.0,122,7,7e,https://media.formula1.com/d_driver_fallback_image.png/content/dam/fom-website/drivers/A/ANDANT01_Andrea%20Kimi_Antonelli/andant01.png.transform/1col/image.png,13,19
ANT,Kimi Antonelli,Mercedes,Monaco,Monaco Grand Prix,0.0,122,7,7e,https://media.formula1.com/d_driver_fallback_image.png/content/dam/fom-website/drivers/A/ANDANT01_Andrea%20Kimi_Antonelli/andant01.png.transform/1col/image.png,15,18
ANT,Kimi Antonelli,Mercedes,Spanish,Spanish Grand Prix,0.0,122,7,7e,https://media.formula1.com/d_driver_fallback_image.png/content/dam/fom-website/drivers/A/ANDANT01_Andrea%20Kimi_Antonelli/andant01.png.transform/1col/image.png,6,18
ANT,Kimi Antonelli,Mercedes,Canadian,Canadian Grand Prix,15.0,122,7,7e,https://media.formula1.com/d_driver_fallback_image.png/content/dam/fom-website/drivers/A/ANDANT01_Andrea%20Kimi_Antonelli/andant01.png.transform/1col/image.png,4,3
ANT,Kimi Antonelli,Mercedes,Austrian,Austrian Grand Prix,0.0,122,7,7e,https://media.formula1.com/d_driver_fallback_image.png/content/dam/fom-website/drivers/A/ANDANT01_Andrea%20Kimi_Antonelli/andant01.png.transform/1col/image.png,9,19
ANT,Kimi Antonelli,Mercedes,British,British Grand Prix,0.0,122,7,7e,https://media.formula1.com/d_driver_fallback_image.png/content/dam/fom-website/drivers/A/ANDANT01_Andrea%20Kimi_Antonelli/andant01.png.transform/1col/image.png,10,16
ANT,Kimi Antonelli,Mercedes,Belgian,Belgian Grand Prix,0.0,122,7,7e,https://media.formula1.com/d_driver_fallback_image.png/content/dam/fom-website/drivers/A/ANDANT01_Andrea%20Kimi_Antonelli/andant01.png.transform/1col/image.png,19,16
ANT,Kimi Antonelli,Mercedes,Hungarian,Hungarian Grand Prix,1.0,122,7,7e,https://media.formula1.com/d_driver_fallback_image.png/content/dam/fom-website/drivers/A/ANDANT01_Andrea%20Kimi_Antonelli/andant01.png.transform/1col/image.png,15,10
ANT,Kimi Antonelli,Mercedes,Dutch,Dutch Grand Prix,0.0,122,7,7e,https://media.formula1.com/d_driver_fallback_image.png/content/dam/fom-website/drivers/A/ANDANT01_Andrea%20Kimi_Antonelli/andant01.png.transform/1col/image.png,11,16
ANT,Kimi Antonelli,Mercedes,Italian,Italian Grand Prix,2.0,122,7,7e,https://media.formula1.com/d_driver_fallback_image.png/content/dam/fom-website/drivers/A/ANDANT01_Andrea%20Kimi_Antonelli/andant01.png.transform/1col/image.png,6,9
ANT,Kimi Antonelli,Mercedes,Azerbaijan,Azerbaijan Grand Prix,12.0,122,7,7e,https://media.formula1.com/d_driver_fallback_image.png/content/dam/fom-website/drivers/A/ANDANT01_Andrea%20Kimi_Antonelli/andant01.png.transform/1col/image.png,4,4
ANT,Kimi Antonelli,Mercedes,Singapore,Singapore Grand Prix,10.0,122,7,7e,https://media.formula1.com/d_driver_fallback_image.png/content/dam/fom-website/drivers/A/ANDANT01_Andrea%20Kimi_Antonelli/andant01.png.transform/1col/image.png,4,5
ANT,Kimi Antonelli,Mercedes,United States,United States Grand Prix,1.0,122,7,7e,https://media.formula1.com/d_driver_fallback_image.png/content/dam/fom-website/drivers/A/ANDANT01_Andrea%20Kimi_Antonelli/andant01.png.transform/1col/image.png,7,13
ANT,Kimi Antonelli,Mercedes,Mexico City,Mexico City Grand Prix,8.0,122,7,7e,https://media.formula1.com/d_driver_fallback_image.png/content/dam/fom-website/drivers/A/ANDANT01_Andrea%20Kimi_Antonelli/andant01.png.transform/1col/image.png,6,6
ANT,Kimi Antonelli,Mercedes,São Paulo,São Paulo Grand Prix,25.0,122,7,7e,https://media.formula1.com/d_driver_fallback_image.png/content/dam/fom-website/drivers/A/ANDANT01_Andrea%20Kimi_Antonelli/andant01.png.transform/1col/image.png,2,2
ALB,Alexander Albon,Williams,Australian,Australian Grand Prix,10.0,73,8,8e,https://media.formula1.com/d_driver_fallback_image.png/content/dam/fom-website/drivers/A/ALEALB01_Alexander_Albon/alealb01.png.transform/1col/image.png,6,5
ALB,Alexander Albon,Williams,Chinese,Chinese Grand Prix,6.0,73,8,8e,https://media.formula1.com/d_driver_fallback_image.png/content/dam/fom-website/drivers/A/ALEALB01_Alexander_Albon/alealb01.png.transform/1col/image.png,10,7
ALB,Alexander Albon,Williams,Japanese,Japanese Grand Prix,2.0,73,8,8e,https://media.formula1.com/d_driver_fallback_image.png/content/dam/fom-website/drivers/A/ALEALB01_Alexander_Albon/alealb01.png.transform/1col/image.png,9,9
ALB,Alexander Albon,Williams,Bahrain,Bahrain Grand Prix,0.0,73,8,8e,https://media.formula1.com/d_driver_fallback_image.png/content/dam/fom-website/drivers/A/ALEALB01_Alexander_Albon/alealb01.png.transform/1col/image.png,15,12
ALB,Alexander Albon,Williams,Saudi Arabian,Saudi Arabian Grand Prix,2.0,73,8,8e,https://media.formula1.com/d_driver_fallback_image.png/content/dam/fom-website/drivers/A/ALEALB01_Alexander_Albon/alealb01.png.transform/1col/image.png,11,9
ALB,Alexander Albon,Williams,Miami,Miami Grand Prix,10.0,73,8,8e,https://media.formula1.com/d_driver_fallback_image.png/content/dam/fom-website/drivers/A/ALEALB01_Alexander_Albon/alealb01.png.transform/1col/image.png,7,5
ALB,Alexander Albon,Williams,Emilia Romagna,Emilia Romagna Grand Prix,10.0,73,8,8e,https://media.formula1.com/d_driver_fallback_image.png/content/dam/fom-website/drivers/A/ALEALB01_Alexander_Albon/alealb01.png.transform/1col/image.png,7,5
ALB,Alexander Albon,Williams,Monaco,Monaco Grand Prix,2.0,73,8,8e,https://media.formula1.com/d_driver_fallback_image.png/content/dam/fom-website/drivers/A/ALEALB01_Alexander_Albon/alealb01.png.transform/1col/image.png,10,9
ALB,Alexander Albon,Williams,Spanish,Spanish Grand Prix,0.0,73,8,8e,https://media.formula1.com/d_driver_fallback_image.png/content/dam/fom-website/drivers/A/ALEALB01_Alexander_Albon/alealb01.png.transform/1col/image.png,11,19
ALB,Alexander Albon,Williams,Canadian,Canadian Grand Prix,0.0,73,8,8e,https://media.formula1.com/d_driver_fallback_image.png/content/dam/fom-website/drivers/A/ALEALB01_Alexander_Albon/alealb01.png.transform/1col/image.png,9,20
ALB,Alexander Albon,Williams,Austrian,Austrian Grand Prix,0.0,73,8,8e,https://media.formula1.com/d_driver_fallback_image.png/content/dam/fom-website/drivers/A/ALEALB01_Alexander_Albon/alealb01.png.transform/1col/image.png,12,17
ALB,Alexander Albon,Williams,British,British Grand Prix,4.0,73,8,8e,https://media.formula1.com/d_driver_fallback_image.png/content/dam/fom-website/drivers/A/ALEALB01_Alexander_Albon/alealb01.png.transform/1col/image.png,13,8
ALB,Alexander Albon,Williams,Belgian,Belgian Grand Prix,8.0,73,8,8e,https://media.formula1.com/d_driver_fallback_image.png/content/dam/fom-website/drivers/A/ALEALB01_Alexander_Albon/alealb01.png.transform/1col/image.png,5,6
ALB,Alexander Albon,Williams,Hungarian,Hungarian Grand Prix,0.0,73,8,8e,https://media.formula1.com/d_driver_fallback_image.png/content/dam/fom-website/drivers/A/ALEALB01_Alexander_Albon/alealb01.png.transform/1col/image.png,19,15
ALB,Alexander Albon,Williams,Dutch,Dutch Grand Prix,10.0,73,8,8e,https://media.formula1.com/d_driver_fallback_image.png/content/dam/fom-website/drivers/A/ALEALB01_Alexander_Albon/alealb01.png.transform/1col/image.png,15,5
ALB,Alexander Albon,Williams,Italian,Italian Grand Prix,6.0,73,8,8e,https://media.formula1.com/d_driver_fallback_image.png/content/dam/fom-website/drivers/A/ALEALB01_Alexander_Albon/alealb01.png.transform/1col/image.png,14,7
ALB,Alexander Albon,Williams,Azerbaijan,Azerbaijan Grand Prix,0.0,73,8,8e,https://media.formula1.com/d_driver_fallback_image.png/content/dam/fom-website/drivers/A/ALEALB01_Alexander_Albon/alealb01.png.transform/1col/image.png,19,13
ALB,Alexander Albon,Williams,Singapore,Singapore Grand Prix,0.0,73,8,8e,https://media.formula1.com/d_driver_fallback_image.png/content/dam/fom-website/drivers/A/ALEALB01_Alexander_Albon/alealb01.png.transform/1col/image.png,20,14
ALB,Alexander Albon,Williams,United States,United States Grand Prix,3.0,73,8,8e,https://media.formula1.com/d_driver_fallback_image.png/content/dam/fom-website/drivers/A/ALEALB01_Alexander_Albon/alealb01.png.transform/1col/image.png,18,14
ALB,Alexander Albon,Williams,Mexico City,Mexico City Grand Prix,0.0,73,8,8e,https://media.formula1.com/d_driver_fallback_image.png/content/dam/fom-website/drivers/A/ALEALB01_Alexander_Albon/alealb01.png.transform/1col/image.png,17,12
ALB,Alexander Albon,Williams,São Paulo,São Paulo Grand Prix,0.0,73,8,8e,https://media.formula1.com/d_driver_fallback_image.png/content/dam/fom-website/drivers/A/ALEALB01_Alexander_Albon/alealb01.png.transform/1col/image.png,12,11
HAD,Isack Hadjar,Racing Bulls,Australian,Australian Grand Prix,0.0,43,9,9e,https://media.formula1.com/d_driver_fallback_image.png/content/dam/fom-website/drivers/I/ISAHAD01_Isack_Hadjar/isahad01.png.transform/1col/image.png,11,20
HAD,Isack Hadjar,Racing Bulls,Chinese,Chinese Grand Prix,0.0,43,9,9e,https://media.formula1.com/d_driver_fallback_image.png/content/dam/fom-website/drivers/I/ISAHAD01_Isack_Hadjar/isahad01.png.transform/1col/image.png,7,11
HAD,Isack Hadjar,Racing Bulls,Japanese,Japanese Grand Prix,4.0,43,9,9e,https://media.formula1.com/d_driver_fallback_image.png/content/dam/fom-website/drivers/I/ISAHAD01_Isack_Hadjar/isahad01.png.transform/1col/image.png,7,8
HAD,Isack Hadjar,Racing Bulls,Bahrain,Bahrain Grand Prix,0.0,43,9,9e,https://media.formula1.com/d_driver_fallback_image.png/content/dam/fom-website/drivers/I/ISAHAD01_Isack_Hadjar/isahad01.png.transform/1col/image.png,12,13
HAD,Isack Hadjar,Racing Bulls,Saudi Arabian,Saudi Arabian Grand Prix,1.0,43,9,9e,https://media.formula1.com/d_driver_fallback_image.png/content/dam/fom-website/drivers/I/ISAHAD01_Isack_Hadjar/isahad01.png.transform/1col/image.png,14,10
HAD,Isack Hadjar,Racing Bulls,Miami,Miami Grand Prix,0.0,43,9,9e,https://media.formula1.com/d_driver_fallback_image.png/content/dam/fom-website/drivers/I/ISAHAD01_Isack_Hadjar/isahad01.png.transform/1col/image.png,11,11
HAD,Isack Hadjar,Racing Bulls,Emilia Romagna,Emilia Romagna Grand Prix,2.0,43,9,9e,https://media.formula1.com/d_driver_fallback_image.png/content/dam/fom-website/drivers/I/ISAHAD01_Isack_Hadjar/isahad01.png.transform/1col/image.png,9,9
HAD,Isack Hadjar,Racing Bulls,Monaco,Monaco Grand Prix,8.0,43,9,9e,https://media.formula1.com/d_driver_fallback_image.png/content/dam/fom-website/drivers/I/ISAHAD01_Isack_Hadjar/isahad01.png.transform/1col/image.png,5,6
HAD,Isack Hadjar,Racing Bulls,Spanish,Spanish Grand Prix,6.0,43,9,9e,https://media.formula1.com/d_driver_fallback_image.png/content/dam/fom-website/drivers/I/ISAHAD01_Isack_Hadjar/isahad01.png.transform/1col/image.png,9,7
HAD,Isack Hadjar,Racing Bulls,Canadian,Canadian Grand Prix,0.0,43,9,9e,https://media.formula1.com/d_driver_fallback_image.png/content/dam/fom-website/drivers/I/ISAHAD01_Isack_Hadjar/isahad01.png.transform/1col/image.png,12,16
HAD,Isack Hadjar,Racing Bulls,Austrian,Austrian Grand Prix,0.0,43,9,9e,https://media.formula1.com/d_driver_fallback_image.png/content/dam/fom-website/drivers/I/ISAHAD01_Isack_Hadjar/isahad01.png.transform/1col/image.png,13,12
HAD,Isack Hadjar,Racing Bulls,British,British Grand Prix,0.0,43,9,9e,https://media.formula1.com/d_driver_fallback_image.png/content/dam/fom-website/drivers/I/ISAHAD01_Isack_Hadjar/isahad01.png.transform/1col/image.png,12,17
HAD,Isack Hadjar,Racing Bulls,Belgian,Belgian Grand Prix,1.0,43,9,9e,https://media.formula1.com/d_driver_fallback_image.png/content/dam/fom-website/drivers/I/ISAHAD01_Isack_Hadjar/isahad01.png.transform/1col/image.png,8,20
HAD,Isack Hadjar,Racing Bulls,Hungarian,Hungarian Grand Prix,0.0,43,9,9e,https://media.formula1.com/d_driver_fallback_image.png/content/dam/fom-website/drivers/I/ISAHAD01_Isack_Hadjar/isahad01.png.transform/1col/image.png,10,11
HAD,Isack Hadjar,Racing Bulls,Dutch,Dutch Grand Prix,15.0,43,9,9e,https://media.formula1.com/d_driver_fallback_image.png/content/dam/fom-website/drivers/I/ISAHAD01_Isack_Hadjar/isahad01.png.transform/1col/image.png,4,3
HAD,Isack Hadjar,Racing Bulls,Italian,Italian Grand Prix,1.0,43,9,9e,https://media.formula1.com/d_driver_fallback_image.png/content/dam/fom-website/drivers/I/ISAHAD01_Isack_Hadjar/isahad01.png.transform/1col/image.png,19,10
HAD,Isack Hadjar,Racing Bulls,Azerbaijan,Azerbaijan Grand Prix,1.0,43,9,9e,https://media.formula1.com/d_driver_fallback_image.png/content/dam/fom-website/drivers/I/ISAHAD01_Isack_Hadjar/isahad01.png.transform/1col/image.png,8,10
HAD,Isack Hadjar,Racing Bulls,Singapore,Singapore Grand Prix,0.0,43,9,9e,https://media.formula1.com/d_driver_fallback_image.png/content/dam/fom-website/drivers/I/ISAHAD01_Isack_Hadjar/isahad01.png.transform/1col/image.png,8,11
HAD,Isack Hadjar,Racing Bulls,United States,United States Grand Prix,0.0,43,9,9e,https://media.formula1.com/d_driver_fallback_image.png/content/dam/fom-website/drivers/I/ISAHAD01_Isack_Hadjar/isahad01.png.transform/1col/image.png,20,16
HAD,Isack Hadjar,Racing Bulls,Mexico City,Mexico City Grand Prix,0.0,43,9,9e,https://media.formula1.com/d_driver_fallback_image.png/content/dam/fom-website/drivers/I/ISAHAD01_Isack_Hadjar/isahad01.png.transform/1col/image.png,8,13
HAD,Isack Hadjar,Racing Bulls,São Paulo,São Paulo Grand Prix,4.0,43,9,9e,https://media.formula1.com/d_driver_fallback_image.png/content/dam/fom-website/drivers/I/ISAHAD01_Isack_Hadjar/isahad01.png.transform/1col/image.png,5,8
HUL,Nico Hulkenberg,Kick Sauber,Australian,Australian Grand Prix,6.0,43,9,9e,https://media.formula1.com/d_driver_fallback_image.png/content/dam/fom-website/drivers/N/NICHUL01_Nico_Hulkenberg/nichul01.png.transform/1col/image.png,17,7
HUL,Nico Hulkenberg,Kick Sauber,Chinese,Chinese Grand Prix,0.0,43,9,9e,https://media.formula1.com/d_driver_fallback_image.png/content/dam/fom-website/drivers/N/NICHUL01_Nico_Hulkenberg/nichul01.png.transform/1col/image.png,12,15
HUL,Nico Hulkenberg,Kick Sauber,Japanese,Japanese Grand Prix,0.0,43,9,9e,https://media.formula1.com/d_driver_fallback_image.png/content/dam/fom-website/drivers/N/NICHUL01_Nico_Hulkenberg/nichul01.png.transform/1col/image.png,16,16
HUL,Nico Hulkenberg,Kick Sauber,Bahrain,Bahrain Grand Prix,0.0,43,9,9e,https://media.formula1.com/d_driver_fallback_image.png/content/dam/fom-website/drivers/N/NICHUL01_Nico_Hulkenberg/nichul01.png.transform/1col/image.png,16,20
HUL,Nico Hulkenberg,Kick Sauber,Saudi Arabian,Saudi Arabian Grand Prix,0.0,43,9,9e,https://media.formula1.com/d_driver_fallback_image.png/content/dam/fom-website/drivers/N/NICHUL01_Nico_Hulkenberg/nichul01.png.transform/1col/image.png,18,15
HUL,Nico Hulkenberg,Kick Sauber,Miami,Miami Grand Prix,0.0,43,9,9e,https://media.formula1.com/d_driver_fallback_image.png/content/dam/fom-website/drivers/N/NICHUL01_Nico_Hulkenberg/nichul01.png.transform/1col/image.png,16,14
HUL,Nico Hulkenberg,Kick Sauber,Emilia Romagna,Emilia Romagna Grand Prix,0.0,43,9,9e,https://media.formula1.com/d_driver_fallback_image.png/content/dam/fom-website/drivers/N/NICHUL01_Nico_Hulkenberg/nichul01.png.transform/1col/image.png,17,12
HUL,Nico Hulkenberg,Kick Sauber,Monaco,Monaco Grand Prix,0.0,43,9,9e,https://media.formula1.com/d_driver_fallback_image.png/content/dam/fom-website/drivers/N/NICHUL01_Nico_Hulkenberg/nichul01.png.transform/1col/image.png,13,16
HUL,Nico Hulkenberg,Kick Sauber,Spanish,Spanish Grand Prix,10.0,43,9,9e,https://media.formula1.com/d_driver_fallback_image.png/content/dam/fom-website/drivers/N/NICHUL01_Nico_Hulkenberg/nichul01.png.transform/1col/image.png,15,5
HUL,Nico Hulkenberg,Kick Sauber,Canadian,Canadian Grand Prix,4.0,43,9,9e,https://media.formula1.com/d_driver_fallback_image.png/content/dam/fom-website/drivers/N/NICHUL01_Nico_Hulkenberg/nichul01.png.transform/1col/image.png,11,8
HUL,Nico Hulkenberg,Kick Sauber,Austrian,Austrian Grand Prix,2.0,43,9,9e,https://media.formula1.com/d_driver_fallback_image.png/content/dam/fom-website/drivers/N/NICHUL01_Nico_Hulkenberg/nichul01.png.transform/1col/image.png,20,9
HUL,Nico Hulkenberg,Kick Sauber,British,British Grand Prix,15.0,43,9,9e,https://media.formula1.com/d_driver_fallback_image.png/content/dam/fom-website/drivers/N/NICHUL01_Nico_Hulkenberg/nichul01.png.transform/1col/image.png,19,3
HUL,Nico Hulkenberg,Kick Sauber,Belgian,Belgian Grand Prix,0.0,43,9,9e,https://media.formula1.com/d_driver_fallback_image.png/content/dam/fom-website/drivers/N/NICHUL01_Nico_Hulkenberg/nichul01.png.transform/1col/image.png,14,12
HUL,Nico Hulkenberg,Kick Sauber,Hungarian,Hungarian Grand Prix,0.0,43,9,9e,https://media.formula1.com/d_driver_fallback_image.png/content/dam/fom-website/drivers/N/NICHUL01_Nico_Hulkenberg/nichul01.png.transform/1col/image.png,18,13
HUL,Nico Hulkenberg,Kick Sauber,Dutch,Dutch Grand Prix,0.0,43,9,9e,https://media.formula1.com/d_driver_fallback_image.png/content/dam/fom-website/drivers/N/NICHUL01_Nico_Hulkenberg/nichul01.png.transform/1col/image.png,17,14
HUL,Nico Hulkenberg,Kick Sauber,Italian,Italian Grand Prix,0.0,43,9,9e,https://media.formula1.com/d_driver_fallback_image.png/content/dam/fom-website/drivers/N/NICHUL01_Nico_Hulkenberg/nichul01.png.transform/1col/image.png,12,20
HUL,Nico Hulkenberg,Kick Sauber,Azerbaijan,Azerbaijan Grand Prix,0.0,43,9,9e,https://media.formula1.com/d_driver_fallback_image.png/content/dam/fom-website/drivers/N/NICHUL01_Nico_Hulkenberg/nichul01.png.transform/1col/image.png,17,16
HUL,Nico Hulkenberg,Kick Sauber,Singapore,Singapore Grand Prix,0.0,43,9,9e,https://media.formula1.com/d_driver_fallback_image.png/content/dam/fom-website/drivers/N/NICHUL01_Nico_Hulkenberg/nichul01.png.transform/1col/image.png,11,20
HUL,Nico Hulkenberg,Kick Sauber,United States,United States Grand Prix,4.0,43,9,9e,https://media.formula1.com/d_driver_fallback_image.png/content/dam/fom-website/drivers/N/NICHUL01_Nico_Hulkenberg/nichul01.png.transform/1col/image.png,11,8
HUL,Nico Hulkenberg,Kick Sauber,Mexico City,Mexico City Grand Prix,0.0,43,9,9e,https://media.formula1.com/d_driver_fallback_image.png/content/dam/fom-website/drivers/N/NICHUL01_Nico_Hulkenberg/nichul01.png.transform/1col/image.png,13,19
HUL,Nico Hulkenberg,Kick Sauber,São Paulo,São Paulo Grand Prix,2.0,43,9,9e,https://media.formula1.com/d_driver_fallback_image.png/content/dam/fom-website/drivers/N/NICHUL01_Nico_Hulkenberg/nichul01.png.transform/1col/image.png,10,9
ALO,Fernando Alonso,Aston Martin,Australian,Australian Grand Prix,0.0,40,11,11e,https://media.formula1.com/d_driver_fallback_image.png/content/dam/fom-website/drivers/F/FERALO01_Fernando_Alonso/feralo01.png.transform/1col/image.png,12,17
ALO,Fernando Alonso,Aston Martin,Chinese,Chinese Grand Prix,0.0,40,11,11e,https://media.formula1.com/d_driver_fallback_image.png/content/dam/fom-website/drivers/F/FERALO01_Fernando_Alonso/feralo01.png.transform/1col/image.png,13,17
ALO,Fernando Alonso,Aston Martin,Japanese,Japanese Grand Prix,0.0,40,11,11e,https://media.formula1.com/d_driver_fallback_image.png/content/dam/fom-website/drivers/F/FERALO01_Fernando_Alonso/feralo01.png.transform/1col/image.png,12,11
ALO,Fernando Alonso,Aston Martin,Bahrain,Bahrain Grand Prix,0.0,40,11,11e,https://media.formula1.com/d_driver_fallback_image.png/content/dam/fom-website/drivers/F/FERALO01_Fernando_Alonso/feralo01.png.transform/1col/image.png,13,15
ALO,Fernando Alonso,Aston Martin,Saudi Arabian,Saudi Arabian Grand Prix,0.0,40,11,11e,https://media.formula1.com/d_driver_fallback_image.png/content/dam/fom-website/drivers/F/FERALO01_Fernando_Alonso/feralo01.png.transform/1col/image.png,13,11
ALO,Fernando Alonso,Aston Martin,Miami,Miami Grand Prix,0.0,40,11,11e,https://media.formula1.com/d_driver_fallback_image.png/content/dam/fom-website/drivers/F/FERALO01_Fernando_Alonso/feralo01.png.transform/1col/image.png,17,15
ALO,Fernando Alonso,Aston Martin,Emilia Romagna,Emilia Romagna Grand Prix,0.0,40,11,11e,https://media.formula1.com/d_driver_fallback_image.png/content/dam/fom-website/drivers/F/FERALO01_Fernando_Alonso/feralo01.png.transform/1col/image.png,5,11
ALO,Fernando Alonso,Aston Martin,Monaco,Monaco Grand Prix,0.0,40,11,11e,https://media.formula1.com/d_driver_fallback_image.png/content/dam/fom-website/drivers/F/FERALO01_Fernando_Alonso/feralo01.png.transform/1col/image.png,6,19
ALO,Fernando Alonso,Aston Martin,Spanish,Spanish Grand Prix,2.0,40,11,11e,https://media.formula1.com/d_driver_fallback_image.png/content/dam/fom-website/drivers/F/FERALO01_Fernando_Alonso/feralo01.png.transform/1col/image.png,10,9
ALO,Fernando Alonso,Aston Martin,Canadian,Canadian Grand Prix,6.0,40,11,11e,https://media.formula1.com/d_driver_fallback_image.png/content/dam/fom-website/drivers/F/FERALO01_Fernando_Alonso/feralo01.png.transform/1col/image.png,6,7
ALO,Fernando Alonso,Aston Martin,Austrian,Austrian Grand Prix,6.0,40,11,11e,https://media.formula1.com/d_driver_fallback_image.png/content/dam/fom-website/drivers/F/FERALO01_Fernando_Alonso/feralo01.png.transform/1col/image.png,11,7
ALO,Fernando Alonso,Aston Martin,British,British Grand Prix,2.0,40,11,11e,https://media.formula1.com/d_driver_fallback_image.png/content/dam/fom-website/drivers/F/FERALO01_Fernando_Alonso/feralo01.png.transform/1col/image.png,7,9
ALO,Fernando Alonso,Aston Martin,Belgian,Belgian Grand Prix,0.0,40,11,11e,https://media.formula1.com/d_driver_fallback_image.png/content/dam/fom-website/drivers/F/FERALO01_Fernando_Alonso/feralo01.png.transform/1col/image.png,20,17
ALO,Fernando Alonso,Aston Martin,Hungarian,Hungarian Grand Prix,10.0,40,11,11e,https://media.formula1.com/d_driver_fallback_image.png/content/dam/fom-website/drivers/F/FERALO01_Fernando_Alonso/feralo01.png.transform/1col/image.png,5,5
ALO,Fernando Alonso,Aston Martin,Dutch,Dutch Grand Prix,4.0,40,11,11e,https://media.formula1.com/d_driver_fallback_image.png/content/dam/fom-website/drivers/F/FERALO01_Fernando_Alonso/feralo01.png.transform/1col/image.png,10,8
ALO,Fernando Alonso,Aston Martin,Italian,Italian Grand Prix,0.0,40,11,11e,https://media.formula1.com/d_driver_fallback_image.png/content/dam/fom-website/drivers/F/FERALO01_Fernando_Alonso/feralo01.png.transform/1col/image.png,8,19
ALO,Fernando Alonso,Aston Martin,Azerbaijan,Azerbaijan Grand Prix,0.0,40,11,11e,https://media.formula1.com/d_driver_fallback_image.png/content/dam/fom-website/drivers/F/FERALO01_Fernando_Alonso/feralo01.png.transform/1col/image.png,11,15
ALO,Fernando Alonso,Aston Martin,Singapore,Singapore Grand Prix,6.0,40,11,11e,https://media.formula1.com/d_driver_fallback_image.png/content/dam/fom-website/drivers/F/FERALO01_Fernando_Alonso/feralo01.png.transform/1col/image.png,10,7
ALO,Fernando Alonso,Aston Martin,United States,United States Grand Prix,1.0,40,11,11e,https://media.formula1.com/d_driver_fallback_image.png/content/dam/fom-website/drivers/F/FERALO01_Fernando_Alonso/feralo01.png.transform/1col/image.png,10,10
ALO,Fernando Alonso,Aston Martin,Mexico City,Mexico City Grand Prix,0.0,40,11,11e,https://media.formula1.com/d_driver_fallback_image.png/content/dam/fom-website/drivers/F/FERALO01_Fernando_Alonso/feralo01.png.transform/1col/image.png,14,18
ALO,Fernando Alonso,Aston Martin,São Paulo,São Paulo Grand Prix,3.0,40,11,11e,https://media.formula1.com/d_driver_fallback_image.png/content/dam/fom-website/drivers/F/FERALO01_Fernando_Alonso/feralo01.png.transform/1col/image.png,11,14
BEA,Oliver Bearman,Haas F1 Team,Australian,Australian Grand Prix,0.0,40,11,11e,https://media.formula1.com/d_driver_fallback_image.png/content/dam/fom-website/drivers/O/OLIBEA01_Oliver_Bearman/olibea01.png.transform/1col/image.png,20,14
BEA,Oliver Bearman,Haas F1 Team,Chinese,Chinese Grand Prix,4.0,40,11,11e,https://media.formula1.com/d_driver_fallback_image.png/content/dam/fom-website/drivers/O/OLIBEA01_Oliver_Bearman/olibea01.png.transform/1col/image.png,17,8
BEA,Oliver Bearman,Haas F1 Team,Japanese,Japanese Grand Prix,1.0,40,11,11e,https://media.formula1.com/d_driver_fallback_image.png/content/dam/fom-website/drivers/O/OLIBEA01_Oliver_Bearman/olibea01.png.transform/1col/image.png,10,10
BEA,Oliver Bearman,Haas F1 Team,Bahrain,Bahrain Grand Prix,1.0,40,11,11e,https://media.formula1.com/d_driver_fallback_image.png/content/dam/fom-website/drivers/O/OLIBEA01_Oliver_Bearman/olibea01.png.transform/1col/image.png,20,10
BEA,Oliver Bearman,Haas F1 Team,Saudi Arabian,Saudi Arabian Grand Prix,0.0,40,11,11e,https://media.formula1.com/d_driver_fallback_image.png/content/dam/fom-website/drivers/O/OLIBEA01_Oliver_Bearman/olibea01.png.transform/1col/image.png,15,13
BEA,Oliver Bearman,Haas F1 Team,Miami,Miami Grand Prix,0.0,40,11,11e,https://media.formula1.com/d_driver_fallback_image.png/content/dam/fom-website/drivers/O/OLIBEA01_Oliver_Bearman/olibea01.png.transform/1col/image.png,19,19
BEA,Oliver Bearman,Haas F1 Team,Emilia Romagna,Emilia Romagna Grand Prix,0.0,40,11,11e,https://media.formula1.com/d_driver_fallback_image.png/content/dam/fom-website/drivers/O/OLIBEA01_Oliver_Bearman/olibea01.png.transform/1col/image.png,19,17
BEA,Oliver Bearman,Haas F1 Team,Monaco,Monaco Grand Prix,0.0,40,11,11e,https://media.formula1.com/d_driver_fallback_image.png/content/dam/fom-website/drivers/O/OLIBEA01_Oliver_Bearman/olibea01.png.transform/1col/image.png,20,12
BEA,Oliver Bearman,Haas F1 Team,Spanish,Spanish Grand Prix,0.0,40,11,11e,https://media.formula1.com/d_driver_fallback_image.png/content/dam/fom-website/drivers/O/OLIBEA01_Oliver_Bearman/olibea01.png.transform/1col/image.png,14,17
BEA,Oliver Bearman,Haas F1 Team,Canadian,Canadian Grand Prix,0.0,40,11,11e,https://media.formula1.com/d_driver_fallback_image.png/content/dam/fom-website/drivers/O/OLIBEA01_Oliver_Bearman/olibea01.png.transform/1col/image.png,13,11
BEA,Oliver Bearman,Haas F1 Team,Austrian,Austrian Grand Prix,0.0,40,11,11e,https://media.formula1.com/d_driver_fallback_image.png/content/dam/fom-website/drivers/O/OLIBEA01_Oliver_Bearman/olibea01.png.transform/1col/image.png,15,11
BEA,Oliver Bearman,Haas F1 Team,British,British Grand Prix,0.0,40,11,11e,https://media.formula1.com/d_driver_fallback_image.png/content/dam/fom-website/drivers/O/OLIBEA01_Oliver_Bearman/olibea01.png.transform/1col/image.png,18,11
BEA,Oliver Bearman,Haas F1 Team,Belgian,Belgian Grand Prix,2.0,40,11,11e,https://media.formula1.com/d_driver_fallback_image.png/content/dam/fom-website/drivers/O/OLIBEA01_Oliver_Bearman/olibea01.png.transform/1col/image.png,12,11
BEA,Oliver Bearman,Haas F1 Team,Hungarian,Hungarian Grand Prix,0.0,40,11,11e,https://media.formula1.com/d_driver_fallback_image.png/content/dam/fom-website/drivers/O/OLIBEA01_Oliver_Bearman/olibea01.png.transform/1col/image.png,11,20
BEA,Oliver Bearman,Haas F1 Team,Dutch,Dutch Grand Prix,8.0,40,11,11e,https://media.formula1.com/d_driver_fallback_image.png/content/dam/fom-website/drivers/O/OLIBEA01_Oliver_Bearman/olibea01.png.transform/1col/image.png,20,6
BEA,Oliver Bearman,Haas F1 Team,Italian,Italian Grand Prix,0.0,40,11,11e,https://media.formula1.com/d_driver_fallback_image.png/content/dam/fom-website/drivers/O/OLIBEA01_Oliver_Bearman/olibea01.png.transform/1col/image.png,11,12
BEA,Oliver Bearman,Haas F1 Team,Azerbaijan,Azerbaijan Grand Prix,0.0,40,11,11e,https://media.formula1.com/d_driver_fallback_image.png/content/dam/fom-website/drivers/O/OLIBEA01_Oliver_Bearman/olibea01.png.transform/1col/image.png,15,12
BEA,Oliver Bearman,Haas F1 Team,Singapore,Singapore Grand Prix,2.0,40,11,11e,https://media.formula1.com/d_driver_fallback_image.png/content/dam/fom-website/drivers/O/OLIBEA01_Oliver_Bearman/olibea01.png.transform/1col/image.png,9,9
BEA,Oliver Bearman,Haas F1 Team,United States,United States Grand Prix,2.0,40,11,11e,https://media.formula1.com/d_driver_fallback_image.png/content/dam/fom-website/drivers/O/OLIBEA01_Oliver_Bearman/olibea01.png.transform/1col/image.png,8,9
BEA,Oliver Bearman,Haas F1 Team,Mexico City,Mexico City Grand Prix,12.0,40,11,11e,https://media.formula1.com/d_driver_fallback_image.png/content/dam/fom-website/drivers/O/OLIBEA01_Oliver_Bearman/olibea01.png.transform/1col/image.png,9,4
BEA,Oliver Bearman,Haas F1 Team,São Paulo,São Paulo Grand Prix,8.0,40,11,11e,https://media.formula1.com/d_driver_fallback_image.png/content/dam/fom-website/drivers/O/OLIBEA01_Oliver_Bearman/olibea01.png.transform/1col/image.png,8,6
SAI,Carlos Sainz,Williams,Australian,Australian Grand Prix,0.0,38,13,13e,https://media.formula1.com/d_driver_fallback_image.png/content/dam/fom-website/drivers/C/CARSAI01_Carlos_Sainz/carsai01.png.transform/1col/image.png,10,18
SAI,Carlos Sainz,Williams,Chinese,Chinese Grand Prix,1.0,38,13,13e,https://media.formula1.com/d_driver_fallback_image.png/content/dam/fom-website/drivers/C/CARSAI01_Carlos_Sainz/carsai01.png.transform/1col/image.png,15,10
SAI,Carlos Sainz,Williams,Japanese,Japanese Grand Prix,0.0,38,13,13e,https://media.formula1.com/d_driver_fallback_image.png/content/dam/fom-website/drivers/C/CARSAI01_Carlos_Sainz/carsai01.png.transform/1col/image.png,15,14
SAI,Carlos Sainz,Williams,Bahrain,Bahrain Grand Prix,0.0,38,13,13e,https://media.formula1.com/d_driver_fallback_image.png/content/dam/fom-website/drivers/C/CARSAI01_Carlos_Sainz/carsai01.png.transform/1col/image.png,8,19
SAI,Carlos Sainz,Williams,Saudi Arabian,Saudi Arabian Grand Prix,4.0,38,13,13e,https://media.formula1.com/d_driver_fallback_image.png/content/dam/fom-website/drivers/C/CARSAI01_Carlos_Sainz/carsai01.png.transform/1col/image.png,6,8
SAI,Carlos Sainz,Williams,Miami,Miami Grand Prix,2.0,38,13,13e,https://media.formula1.com/d_driver_fallback_image.png/content/dam/fom-website/drivers/C/CARSAI01_Carlos_Sainz/carsai01.png.transform/1col/image.png,6,9
SAI,Carlos Sainz,Williams,Emilia Romagna,Emilia Romagna Grand Prix,4.0,38,13,13e,https://media.formula1.com/d_driver_fallback_image.png/content/dam/fom-website/drivers/C/CARSAI01_Carlos_Sainz/carsai01.png.transform/1col/image.png,6,8
SAI,Carlos Sainz,Williams,Monaco,Monaco Grand Prix,1.0,38,13,13e,https://media.formula1.com/d_driver_fallback_image.png/content/dam/fom-website/drivers/C/CARSAI01_Carlos_Sainz/carsai01.png.transform/1col/image.png,11,10
SAI,Carlos Sainz,Williams,Spanish,Spanish Grand Prix,0.0,38,13,13e,https://media.formula1.com/d_driver_fallback_image.png/content/dam/fom-website/drivers/C/CARSAI01_Carlos_Sainz/carsai01.png.transform/1col/image.png,17,14
SAI,Carlos Sainz,Williams,Canadian,Canadian Grand Prix,1.0,38,13,13e,https://media.formula1.com/d_driver_fallback_image.png/content/dam/fom-website/drivers/C/CARSAI01_Carlos_Sainz/carsai01.png.transform/1col/image.png,16,10
SAI,Carlos Sainz,Williams,Austrian,Austrian Grand Prix,0.0,38,13,13e,https://media.formula1.com/d_driver_fallback_image.png/content/dam/fom-website/drivers/C/CARSAI01_Carlos_Sainz/carsai01.png.transform/1col/image.png,19,20
SAI,Carlos Sainz,Williams,British,British Grand Prix,0.0,38,13,13e,https://media.formula1.com/d_driver_fallback_image.png/content/dam/fom-website/drivers/C/CARSAI01_Carlos_Sainz/carsai01.png.transform/1col/image.png,9,12
SAI,Carlos Sainz,Williams,Belgian,Belgian Grand Prix,3.0,38,13,13e,https://media.formula1.com/d_driver_fallback_image.png/content/dam/fom-website/drivers/C/CARSAI01_Carlos_Sainz/carsai01.png.transform/1col/image.png,17,18
SAI,Carlos Sainz,Williams,Hungarian,Hungarian Grand Prix,0.0,38,13,13e,https://media.formula1.com/d_driver_fallback_image.png/content/dam/fom-website/drivers/C/CARSAI01_Carlos_Sainz/carsai01.png.transform/1col/image.png,13,14
SAI,Carlos Sainz,Williams,Dutch,Dutch Grand Prix,0.0,38,13,13e,https://media.formula1.com/d_driver_fallback_image.png/content/dam/fom-website/drivers/C/CARSAI01_Carlos_Sainz/carsai01.png.transform/1col/image.png,9,13
SAI,Carlos Sainz,Williams,Italian,Italian Grand Prix,0.0,38,13,13e,https://media.formula1.com/d_driver_fallback_image.png/content/dam/fom-website/drivers/C/CARSAI01_Carlos_Sainz/carsai01.png.transform/1col/image.png,13,11
SAI,Carlos Sainz,Williams,Azerbaijan,Azerbaijan Grand Prix,15.0,38,13,13e,https://media.formula1.com/d_driver_fallback_image.png/content/dam/fom-website/drivers/C/CARSAI01_Carlos_Sainz/carsai01.png.transform/1col/image.png,2,3
SAI,Carlos Sainz,Williams,Singapore,Singapore Grand Prix,1.0,38,13,13e,https://media.formula1.com/d_driver_fallback_image.png/content/dam/fom-website/drivers/C/CARSAI01_Carlos_Sainz/carsai01.png.transform/1col/image.png,18,10
SAI,Carlos Sainz,Williams,United States,United States Grand Prix,6.0,38,13,13e,https://media.formula1.com/d_driver_fallback_image.png/content/dam/fom-website/drivers/C/CARSAI01_Carlos_Sainz/carsai01.png.transform/1col/image.png,9,20
SAI,Carlos Sainz,Williams,Mexico City,Mexico City Grand Prix,0.0,38,13,13e,https://media.formula1.com/d_driver_fallback_image.png/content/dam/fom-website/drivers/C/CARSAI01_Carlos_Sainz/carsai01.png.transform/1col/image.png,12,17
SAI,Carlos Sainz,Williams,São Paulo,São Paulo Grand Prix,0.0,38,13,13e,https://media.formula1.com/d_driver_fallback_image.png/content/dam/fom-website/drivers/C/CARSAI01_Carlos_Sainz/carsai01.png.transform/1col/image.png,15,13
LAW,Liam Lawson,Red Bull Racing,Australian,Australian Grand Prix,0.0,36,14,14e,https://media.formula1.com/d_driver_fallback_image.png/content/dam/fom-website/drivers/L/LIALAW01_Liam_Lawson/lialaw01.png.transform/1col/image.png,18,15
LAW,Liam Lawson,Red Bull Racing,Chinese,Chinese Grand Prix,0.0,36,14,14e,https://media.formula1.com/d_driver_fallback_image.png/content/dam/fom-website/drivers/L/LIALAW01_Liam_Lawson/lialaw01.png.transform/1col/image.png,20,12
LAW,Liam Lawson,Racing Bulls,Japanese,Japanese Grand Prix,0.0,36,14,14e,https://media.formula1.com/d_driver_fallback_image.png/content/dam/fom-website/drivers/L/LIALAW01_Liam_Lawson/lialaw01.png.transform/1col/image.png,13,17
LAW,Liam Lawson,Racing Bulls,Bahrain,Bahrain Grand Prix,0.0,36,14,14e,https://media.formula1.com/d_driver_fallback_image.png/content/dam/fom-website/drivers/L/LIALAW01_Liam_Lawson/lialaw01.png.transform/1col/image.png,17,16
LAW,Liam Lawson,Racing Bulls,Saudi Arabian,Saudi Arabian Grand Prix,0.0,36,14,14e,https://media.formula1.com/d_driver_fallback_image.png/content/dam/fom-website/drivers/L/LIALAW01_Liam_Lawson/lialaw01.png.transform/1col/image.png,12,12
LAW,Liam Lawson,Racing Bulls,Miami,Miami Grand Prix,0.0,36,14,14e,https://media.formula1.com/d_driver_fallback_image.png/content/dam/fom-website/drivers/L/LIALAW01_Liam_Lawson/lialaw01.png.transform/1col/image.png,15,17
LAW,Liam Lawson,Racing Bulls,Emilia Romagna,Emilia Romagna Grand Prix,0.0,36,14,14e,https://media.formula1.com/d_driver_fallback_image.png/content/dam/fom-website/drivers/L/LIALAW01_Liam_Lawson/lialaw01.png.transform/1col/image.png,15,14
LAW,Liam Lawson,Racing Bulls,Monaco,Monaco Grand Prix,4.0,36,14,14e,https://media.formula1.com/d_driver_fallback_image.png/content/dam/fom-website/drivers/L/LIALAW01_Liam_Lawson/lialaw01.png.transform/1col/image.png,9,8
LAW,Liam Lawson,Racing Bulls,Spanish,Spanish Grand Prix,0.0,36,14,14e,https://media.formula1.com/d_driver_fallback_image.png/content/dam/fom-website/drivers/L/LIALAW01_Liam_Lawson/lialaw01.png.transform/1col/image.png,13,11
LAW,Liam Lawson,Racing Bulls,Canadian,Canadian Grand Prix,0.0,36,14,14e,https://media.formula1.com/d_driver_fallback_image.png/content/dam/fom-website/drivers/L/LIALAW01_Liam_Lawson/lialaw01.png.transform/1col/image.png,19,19
LAW,Liam Lawson,Racing Bulls,Austrian,Austrian Grand Prix,8.0,36,14,14e,https://media.formula1.com/d_driver_fallback_image.png/content/dam/fom-website/drivers/L/LIALAW01_Liam_Lawson/lialaw01.png.transform/1col/image.png,6,6
LAW,Liam Lawson,Racing Bulls,British,British Grand Prix,0.0,36,14,14e,https://media.formula1.com/d_driver_fallback_image.png/content/dam/fom-website/drivers/L/LIALAW01_Liam_Lawson/lialaw01.png.transform/1col/image.png,15,19
LAW,Liam Lawson,Racing Bulls,Belgian,Belgian Grand Prix,4.0,36,14,14e,https://media.formula1.com/d_driver_fallback_image.png/content/dam/fom-website/drivers/L/LIALAW01_Liam_Lawson/lialaw01.png.transform/1col/image.png,9,8
LAW,Liam Lawson,Racing Bulls,Hungarian,Hungarian Grand Prix,4.0,36,14,14e,https://media.formula1.com/d_driver_fallback_image.png/content/dam/fom-website/drivers/L/LIALAW01_Liam_Lawson/lialaw01.png.transform/1col/image.png,9,8
LAW,Liam Lawson,Racing Bulls,Dutch,Dutch Grand Prix,0.0,36,14,14e,https://media.formula1.com/d_driver_fallback_image.png/content/dam/fom-website/drivers/L/LIALAW01_Liam_Lawson/lialaw01.png.transform/1col/image.png,8,12
LAW,Liam Lawson,Racing Bulls,Italian,Italian Grand Prix,0.0,36,14,14e,https://media.formula1.com/d_driver_fallback_image.png/content/dam/fom-website/drivers/L/LIALAW01_Liam_Lawson/lialaw01.png.transform/1col/image.png,18,14
LAW,Liam Lawson,Racing Bulls,Azerbaijan,Azerbaijan Grand Prix,10.0,36,14,14e,https://media.formula1.com/d_driver_fallback_image.png/content/dam/fom-website/drivers/L/LIALAW01_Liam_Lawson/lialaw01.png.transform/1col/image.png,3,5
LAW,Liam Lawson,Racing Bulls,Singapore,Singapore Grand Prix,0.0,36,14,14e,https://media.formula1.com/d_driver_fallback_image.png/content/dam/fom-website/drivers/L/LIALAW01_Liam_Lawson/lialaw01.png.transform/1col/image.png,12,15
LAW,Liam Lawson,Racing Bulls,United States,United States Grand Prix,0.0,36,14,14e,https://media.formula1.com/d_driver_fallback_image.png/content/dam/fom-website/drivers/L/LIALAW01_Liam_Lawson/lialaw01.png.transform/1col/image.png,12,11
LAW,Liam Lawson,Racing Bulls,Mexico City,Mexico City Grand Prix,0.0,36,14,14e,https://media.formula1.com/d_driver_fallback_image.png/content/dam/fom-website/drivers/L/LIALAW01_Liam_Lawson/lialaw01.png.transform/1col/image.png,15,20
LAW,Liam Lawson,Racing Bulls,São Paulo,São Paulo Grand Prix,6.0,36,14,14e,https://media.formula1.com/d_driver_fallback_image.png/content/dam/fom-website/drivers/L/LIALAW01_Liam_Lawson/lialaw01.png.transform/1col/image.png,7,7
STR,Lance Stroll,Aston Martin,Australian,Australian Grand Prix,8.0,32,15,15e,https://media.formula1.com/d_driver_fallback_image.png/content/dam/fom-website/drivers/L/LANSTR01_Lance_Stroll/lanstr01.png.transform/1col/image.png,13,6
STR,Lance Stroll,Aston Martin,Chinese,Chinese Grand Prix,2.0,32,15,15e,https://media.formula1.com/d_driver_fallback_image.png/content/dam/fom-website/drivers/L/LANSTR01_Lance_Stroll/lanstr01.png.transform/1col/image.png,14,9
STR,Lance Stroll,Aston Martin,Japanese,Japanese Grand Prix,0.0,32,15,15e,https://media.formula1.com/d_driver_fallback_image.png/content/dam/fom-website/drivers/L/LANSTR01_Lance_Stroll/lanstr01.png.transform/1col/image.png,20,20
STR,Lance Stroll,Aston Martin,Bahrain,Bahrain Grand Prix,0.0,32,15,15e,https://media.formula1.com/d_driver_fallback_image.png/content/dam/fom-website/drivers/L/LANSTR01_Lance_Stroll/lanstr01.png.transform/1col/image.png,19,17
STR,Lance Stroll,Aston Martin,Saudi Arabian,Saudi Arabian Grand Prix,0.0,32,15,15e,https://media.formula1.com/d_driver_fallback_image.png/content/dam/fom-website/drivers/L/LANSTR01_Lance_Stroll/lanstr01.png.transform/1col/image.png,16,16
STR,Lance Stroll,Aston Martin,Miami,Miami Grand Prix,4.0,32,15,15e,https://media.formula1.com/d_driver_fallback_image.png/content/dam/fom-website/drivers/L/LANSTR01_Lance_Stroll/lanstr01.png.transform/1col/image.png,18,16
STR,Lance Stroll,Aston Martin,Emilia Romagna,Emilia Romagna Grand Prix,0.0,32,15,15e,https://media.formula1.com/d_driver_fallback_image.png/content/dam/fom-website/drivers/L/LANSTR01_Lance_Stroll/lanstr01.png.transform/1col/image.png,8,15
STR,Lance Stroll,Aston Martin,Monaco,Monaco Grand Prix,0.0,32,15,15e,https://media.formula1.com/d_driver_fallback_image.png/content/dam/fom-website/drivers/L/LANSTR01_Lance_Stroll/lanstr01.png.transform/1col/image.png,19,15
STR,Lance Stroll,Aston Martin,Canadian,Canadian Grand Prix,0.0,32,15,15e,https://media.formula1.com/d_driver_fallback_image.png/content/dam/fom-website/drivers/L/LANSTR01_Lance_Stroll/lanstr01.png.transform/1col/image.png,17,17
STR,Lance Stroll,Aston Martin,Austrian,Austrian Grand Prix,0.0,32,15,15e,https://media.formula1.com/d_driver_fallback_image.png/content/dam/fom-website/drivers/L/LANSTR01_Lance_Stroll/lanstr01.png.transform/1col/image.png,16,14
STR,Lance Stroll,Aston Martin,British,British Grand Prix,6.0,32,15,15e,https://media.formula1.com/d_driver_fallback_image.png/content/dam/fom-website/drivers/L/LANSTR01_Lance_Stroll/lanstr01.png.transform/1col/image.png,17,7
STR,Lance Stroll,Aston Martin,Belgian,Belgian Grand Prix,0.0,32,15,15e,https://media.formula1.com/d_driver_fallback_image.png/content/dam/fom-website/drivers/L/LANSTR01_Lance_Stroll/lanstr01.png.transform/1col/image.png,16,14
STR,Lance Stroll,Aston Martin,Hungarian,Hungarian Grand Prix,6.0,32,15,15e,https://media.formula1.com/d_driver_fallback_image.png/content/dam/fom-website/drivers/L/LANSTR01_Lance_Stroll/lanstr01.png.transform/1col/image.png,6,7
STR,Lance Stroll,Aston Martin,Dutch,Dutch Grand Prix,6.0,32,15,15e,https://media.formula1.com/d_driver_fallback_image.png/content/dam/fom-website/drivers/L/LANSTR01_Lance_Stroll/lanstr01.png.transform/1col/image.png,19,7
STR,Lance Stroll,Aston Martin,Italian,Italian Grand Prix,0.0,32,15,15e,https://media.formula1.com/d_driver_fallback_image.png/content/dam/fom-website/drivers/L/LANSTR01_Lance_Stroll/lanstr01.png.transform/1col/image.png,16,18
STR,Lance Stroll,Aston Martin,Azerbaijan,Azerbaijan Grand Prix,0.0,32,15,15e,https://media.formula1.com/d_driver_fallback_image.png/content/dam/fom-website/drivers/L/LANSTR01_Lance_Stroll/lanstr01.png.transform/1col/image.png,14,17
STR,Lance Stroll,Aston Martin,Singapore,Singapore Grand Prix,0.0,32,15,15e,https://media.formula1.com/d_driver_fallback_image.png/content/dam/fom-website/drivers/L/LANSTR01_Lance_Stroll/lanstr01.png.transform/1col/image.png,15,13
STR,Lance Stroll,Aston Martin,United States,United States Grand Prix,0.0,32,15,15e,https://media.formula1.com/d_driver_fallback_image.png/content/dam/fom-website/drivers/L/LANSTR01_Lance_Stroll/lanstr01.png.transform/1col/image.png,19,12
STR,Lance Stroll,Aston Martin,Mexico City,Mexico City Grand Prix,0.0,32,15,15e,https://media.formula1.com/d_driver_fallback_image.png/content/dam/fom-website/drivers/L/LANSTR01_Lance_Stroll/lanstr01.png.transform/1col/image.png,19,14
STR,Lance Stroll,Aston Martin,São Paulo,São Paulo Grand Prix,0.0,32,15,15e,https://media.formula1.com/d_driver_fallback_image.png/content/dam/fom-website/drivers/L/LANSTR01_Lance_Stroll/lanstr01.png.transform/1col/image.png,14,16
OCO,Esteban Ocon,Haas F1 Team,Australian,Australian Grand Prix,0.0,30,16,16e,https://media.formula1.com/d_driver_fallback_image.png/content/dam/fom-website/drivers/E/ESTOCO01_Esteban_Ocon/estoco01.png.transform/1col/image.png,19,13
OCO,Esteban Ocon,Haas F1 Team,Chinese,Chinese Grand Prix,10.0,30,16,16e,https://media.formula1.com/d_driver_fallback_image.png/content/dam/fom-website/drivers/E/ESTOCO01_Esteban_Ocon/estoco01.png.transform/1col/image.png,11,5
OCO,Esteban Ocon,Haas F1 Team,Japanese,Japanese Grand Prix,0.0,30,16,16e,https://media.formula1.com/d_driver_fallback_image.png/content/dam/fom-website/drivers/E/ESTOCO01_Esteban_Ocon/estoco01.png.transform/1col/image.png,18,18
OCO,Esteban Ocon,Haas F1 Team,Bahrain,Bahrain Grand Prix,4.0,30,16,16e,https://media.formula1.com/d_driver_fallback_image.png/content/dam/fom-website/drivers/E/ESTOCO01_Esteban_Ocon/estoco01.png.transform/1col/image.png,14,8
OCO,Esteban Ocon,Haas F1 Team,Saudi Arabian,Saudi Arabian Grand Prix,0.0,30,16,16e,https://media.formula1.com/d_driver_fallback_image.png/content/dam/fom-website/drivers/E/ESTOCO01_Esteban_Ocon/estoco01.png.transform/1col/image.png,19,14
OCO,Esteban Ocon,Haas F1 Team,Miami,Miami Grand Prix,0.0,30,16,16e,https://media.formula1.com/d_driver_fallback_image.png/content/dam/fom-website/drivers/E/ESTOCO01_Esteban_Ocon/estoco01.png.transform/1col/image.png,9,12
OCO,Esteban Ocon,Haas F1 Team,Emilia Romagna,Emilia Romagna Grand Prix,0.0,30,16,16e,https://media.formula1.com/d_driver_fallback_image.png/content/dam/fom-website/drivers/E/ESTOCO01_Esteban_Ocon/estoco01.png.transform/1col/image.png,18,20
OCO,Esteban Ocon,Haas F1 Team,Monaco,Monaco Grand Prix,6.0,30,16,16e,https://media.formula1.com/d_driver_fallback_image.png/content/dam/fom-website/drivers/E/ESTOCO01_Esteban_Ocon/estoco01.png.transform/1col/image.png,8,7
OCO,Esteban Ocon,Haas F1 Team,Spanish,Spanish Grand Prix,0.0,30,16,16e,https://media.formula1.com/d_driver_fallback_image.png/content/dam/fom-website/drivers/E/ESTOCO01_Esteban_Ocon/estoco01.png.transform/1col/image.png,16,16
OCO,Esteban Ocon,Haas F1 Team,Canadian,Canadian Grand Prix,2.0,30,16,16e,https://media.formula1.com/d_driver_fallback_image.png/content/dam/fom-website/drivers/E/ESTOCO01_Esteban_Ocon/estoco01.png.transform/1col/image.png,14,9
OCO,Esteban Ocon,Haas F1 Team,Austrian,Austrian Grand Prix,1.0,30,16,16e,https://media.formula1.com/d_driver_fallback_image.png/content/dam/fom-website/drivers/E/ESTOCO01_Esteban_Ocon/estoco01.png.transform/1col/image.png,17,10
OCO,Esteban Ocon,Haas F1 Team,British,British Grand Prix,0.0,30,16,16e,https://media.formula1.com/d_driver_fallback_image.png/content/dam/fom-website/drivers/E/ESTOCO01_Esteban_Ocon/estoco01.png.transform/1col/image.png,14,13
OCO,Esteban Ocon,Haas F1 Team,Belgian,Belgian Grand Prix,4.0,30,16,16e,https://media.formula1.com/d_driver_fallback_image.png/content/dam/fom-website/drivers/E/ESTOCO01_Esteban_Ocon/estoco01.png.transform/1col/image.png,11,15
OCO,Esteban Ocon,Haas F1 Team,Hungarian,Hungarian Grand Prix,0.0,30,16,16e,https://media.formula1.com/d_driver_fallback_image.png/content/dam/fom-website/drivers/E/ESTOCO01_Esteban_Ocon/estoco01.png.transform/1col/image.png,17,16
OCO,Esteban Ocon,Haas F1 Team,Dutch,Dutch Grand Prix,1.0,30,16,16e,https://media.formula1.com/d_driver_fallback_image.png/content/dam/fom-website/drivers/E/ESTOCO01_Esteban_Ocon/estoco01.png.transform/1col/image.png,18,10
OCO,Esteban Ocon,Haas F1 Team,Italian,Italian Grand Prix,0.0,30,16,16e,https://media.formula1.com/d_driver_fallback_image.png/content/dam/fom-website/drivers/E/ESTOCO01_Esteban_Ocon/estoco01.png.transform/1col/image.png,15,15
OCO,Esteban Ocon,Haas F1 Team,Azerbaijan,Azerbaijan Grand Prix,0.0,30,16,16e,https://media.formula1.com/d_driver_fallback_image.png/content/dam/fom-website/drivers/E/ESTOCO01_Esteban_Ocon/estoco01.png.transform/1col/image.png,20,14
OCO,Esteban Ocon,Haas F1 Team,Singapore,Singapore Grand Prix,0.0,30,16,16e,https://media.formula1.com/d_driver_fallback_image.png/content/dam/fom-website/drivers/E/ESTOCO01_Esteban_Ocon/estoco01.png.transform/1col/image.png,17,18
OCO,Esteban Ocon,Haas F1 Team,United States,United States Grand Prix,0.0,30,16,16e,https://media.formula1.com/d_driver_fallback_image.png/content/dam/fom-website/drivers/E/ESTOCO01_Esteban_Ocon/estoco01.png.transform/1col/image.png,17,15
OCO,Esteban Ocon,Haas F1 Team,Mexico City,Mexico City Grand Prix,2.0,30,16,16e,https://media.formula1.com/d_driver_fallback_image.png/content/dam/fom-website/drivers/E/ESTOCO01_Esteban_Ocon/estoco01.png.transform/1col/image.png,11,9
OCO,Esteban Ocon,Haas F1 Team,São Paulo,São Paulo Grand Prix,0.0,30,16,16e,https://media.formula1.com/d_driver_fallback_image.png/content/dam/fom-website/drivers/E/ESTOCO01_Esteban_Ocon/estoco01.png.transform/1col/image.png,20,12
TSU,Yuki Tsunoda,Racing Bulls,Australian,Australian Grand Prix,0.0,28,17,17e,https://media.formula1.com/d_driver_fallback_image.png/content/dam/fom-website/drivers/Y/YUKTSU01_Yuki_Tsunoda/yuktsu01.png.transform/1col/image.png,5,12
TSU,Yuki Tsunoda,Racing Bulls,Chinese,Chinese Grand Prix,3.0,28,17,17e,https://media.formula1.com/d_driver_fallback_image.png/content/dam/fom-website/drivers/Y/YUKTSU01_Yuki_Tsunoda/yuktsu01.png.transform/1col/image.png,9,16
TSU,Yuki Tsunoda,Red Bull Racing,Japanese,Japanese Grand Prix,0.0,28,17,17e,https://media.formula1.com/d_driver_fallback_image.png/content/dam/fom-website/drivers/Y/YUKTSU01_Yuki_Tsunoda/yuktsu01.png.transform/1col/image.png,14,12
TSU,Yuki Tsunoda,Red Bull Racing,Bahrain,Bahrain Grand Prix,2.0,28,17,17e,https://media.formula1.com/d_driver_fallback_image.png/content/dam/fom-website/drivers/Y/YUKTSU01_Yuki_Tsunoda/yuktsu01.png.transform/1col/image.png,10,9
TSU,Yuki Tsunoda,Red Bull Racing,Saudi Arabian,Saudi Arabian Grand Prix,0.0,28,17,17e,https://media.formula1.com/d_driver_fallback_image.png/content/dam/fom-website/drivers/Y/YUKTSU01_Yuki_Tsunoda/yuktsu01.png.transform/1col/image.png,8,19
TSU,Yuki Tsunoda,Red Bull Racing,Miami,Miami Grand Prix,4.0,28,17,17e,https://media.formula1.com/d_driver_fallback_image.png/content/dam/fom-website/drivers/Y/YUKTSU01_Yuki_Tsunoda/yuktsu01.png.transform/1col/image.png,10,10
TSU,Yuki Tsunoda,Red Bull Racing,Emilia Romagna,Emilia Romagna Grand Prix,1.0,28,17,17e,https://media.formula1.com/d_driver_fallback_image.png/content/dam/fom-website/drivers/Y/YUKTSU01_Yuki_Tsunoda/yuktsu01.png.transform/1col/image.png,20,10
TSU,Yuki Tsunoda,Red Bull Racing,Monaco,Monaco Grand Prix,0.0,28,17,17e,https://media.formula1.com/d_driver_fallback_image.png/content/dam/fom-website/drivers/Y/YUKTSU01_Yuki_Tsunoda/yuktsu01.png.transform/1col/image.png,12,17
TSU,Yuki Tsunoda,Red Bull Racing,Spanish,Spanish Grand Prix,0.0,28,17,17e,https://media.formula1.com/d_driver_fallback_image.png/content/dam/fom-website/drivers/Y/YUKTSU01_Yuki_Tsunoda/yuktsu01.png.transform/1col/image.png,19,13
TSU,Yuki Tsunoda,Red Bull Racing,Canadian,Canadian Grand Prix,0.0,28,17,17e,https://media.formula1.com/d_driver_fallback_image.png/content/dam/fom-website/drivers/Y/YUKTSU01_Yuki_Tsunoda/yuktsu01.png.transform/1col/image.png,18,12
TSU,Yuki Tsunoda,Red Bull Racing,Austrian,Austrian Grand Prix,0.0,28,17,17e,https://media.formula1.com/d_driver_fallback_image.png/content/dam/fom-website/drivers/Y/YUKTSU01_Yuki_Tsunoda/yuktsu01.png.transform/1col/image.png,18,16
TSU,Yuki Tsunoda,Red Bull Racing,British,British Grand Prix,0.0,28,17,17e,https://media.formula1.com/d_driver_fallback_image.png/content/dam/fom-website/drivers/Y/YUKTSU01_Yuki_Tsunoda/yuktsu01.png.transform/1col/image.png,11,15
TSU,Yuki Tsunoda,Red Bull Racing,Belgian,Belgian Grand Prix,0.0,28,17,17e,https://media.formula1.com/d_driver_fallback_image.png/content/dam/fom-website/drivers/Y/YUKTSU01_Yuki_Tsunoda/yuktsu01.png.transform/1col/image.png,7,13
TSU,Yuki Tsunoda,Red Bull Racing,Hungarian,Hungarian Grand Prix,0.0,28,17,17e,https://media.formula1.com/d_driver_fallback_image.png/content/dam/fom-website/drivers/Y/YUKTSU01_Yuki_Tsunoda/yuktsu01.png.transform/1col/image.png,20,17
TSU,Yuki Tsunoda,Red Bull Racing,Dutch,Dutch Grand Prix,2.0,28,17,17e,https://media.formula1.com/d_driver_fallback_image.png/content/dam/fom-website/drivers/Y/YUKTSU01_Yuki_Tsunoda/yuktsu01.png.transform/1col/image.png,12,9
TSU,Yuki Tsunoda,Red Bull Racing,Italian,Italian Grand Prix,0.0,28,17,17e,https://media.formula1.com/d_driver_fallback_image.png/content/dam/fom-website/drivers/Y/YUKTSU01_Yuki_Tsunoda/yuktsu01.png.transform/1col/image.png,9,13
TSU,Yuki Tsunoda,Red Bull Racing,Azerbaijan,Azerbaijan Grand Prix,8.0,28,17,17e,https://media.formula1.com/d_driver_fallback_image.png/content/dam/fom-website/drivers/Y/YUKTSU01_Yuki_Tsunoda/yuktsu01.png.transform/1col/image.png,6,6
TSU,Yuki Tsunoda,Red Bull Racing,Singapore,Singapore Grand Prix,0.0,28,17,17e,https://media.formula1.com/d_driver_fallback_image.png/content/dam/fom-website/drivers/Y/YUKTSU01_Yuki_Tsunoda/yuktsu01.png.transform/1col/image.png,13,12
TSU,Yuki Tsunoda,Red Bull Racing,United States,United States Grand Prix,8.0,28,17,17e,https://media.formula1.com/d_driver_fallback_image.png/content/dam/fom-website/drivers/Y/YUKTSU01_Yuki_Tsunoda/yuktsu01.png.transform/1col/image.png,13,7
TSU,Yuki Tsunoda,Red Bull Racing,Mexico City,Mexico City Grand Prix,0.0,28,17,17e,https://media.formula1.com/d_driver_fallback_image.png/content/dam/fom-website/drivers/Y/YUKTSU01_Yuki_Tsunoda/yuktsu01.png.transform/1col/image.png,10,11
TSU,Yuki Tsunoda,Red Bull Racing,São Paulo,São Paulo Grand Prix,0.0,28,17,17e,https://media.formula1.com/d_driver_fallback_image.png/content/dam/fom-website/drivers/Y/YUKTSU01_Yuki_Tsunoda/yuktsu01.png.transform/1col/image.png,17,17
GAS,Pierre Gasly,Alpine,Australian,Australian Grand Prix,0.0,22,18,18e,https://media.formula1.com/d_driver_fallback_image.png/content/dam/fom-website/drivers/P/PIEGAS01_Pierre_Gasly/piegas01.png.transform/1col/image.png,9,11
GAS,Pierre Gasly,Alpine,Chinese,Chinese Grand Prix,0.0,22,18,18e,https://media.formula1.com/d_driver_fallback_image.png/content/dam/fom-website/drivers/P/PIEGAS01_Pierre_Gasly/piegas01.png.transform/1col/image.png,16,20
GAS,Pierre Gasly,Alpine,Japanese,Japanese Grand Prix,0.0,22,18,18e,https://media.formula1.com/d_driver_fallback_image.png/content/dam/fom-website/drivers/P/PIEGAS01_Pierre_Gasly/piegas01.png.transform/1col/image.png,11,13
GAS,Pierre Gasly,Alpine,Bahrain,Bahrain Grand Prix,6.0,22,18,18e,https://media.formula1.com/d_driver_fallback_image.png/content/dam/fom-website/drivers/P/PIEGAS01_Pierre_Gasly/piegas01.png.transform/1col/image.png,4,7
GAS,Pierre Gasly,Alpine,Saudi Arabian,Saudi Arabian Grand Prix,0.0,22,18,18e,https://media.formula1.com/d_driver_fallback_image.png/content/dam/fom-website/drivers/P/PIEGAS01_Pierre_Gasly/piegas01.png.transform/1col/image.png,9,20
GAS,Pierre Gasly,Alpine,Miami,Miami Grand Prix,1.0,22,18,18e,https://media.formula1.com/d_driver_fallback_image.png/content/dam/fom-website/drivers/P/PIEGAS01_Pierre_Gasly/piegas01.png.transform/1col/image.png,20,13
GAS,Pierre Gasly,Alpine,Emilia Romagna,Emilia Romagna Grand Prix,0.0,22,18,18e,https://media.formula1.com/d_driver_fallback_image.png/content/dam/fom-website/drivers/P/PIEGAS01_Pierre_Gasly/piegas01.png.transform/1col/image.png,10,13
GAS,Pierre Gasly,Alpine,Monaco,Monaco Grand Prix,0.0,22,18,18e,https://media.formula1.com/d_driver_fallback_image.png/content/dam/fom-website/drivers/P/PIEGAS01_Pierre_Gasly/piegas01.png.transform/1col/image.png,17,20
GAS,Pierre Gasly,Alpine,Spanish,Spanish Grand Prix,4.0,22,18,18e,https://media.formula1.com/d_driver_fallback_image.png/content/dam/fom-website/drivers/P/PIEGAS01_Pierre_Gasly/piegas01.png.transform/1col/image.png,8,8
GAS,Pierre Gasly,Alpine,Canadian,Canadian Grand Prix,0.0,22,18,18e,https://media.formula1.com/d_driver_fallback_image.png/content/dam/fom-website/drivers/P/PIEGAS01_Pierre_Gasly/piegas01.png.transform/1col/image.png,20,15
GAS,Pierre Gasly,Alpine,Austrian,Austrian Grand Prix,0.0,22,18,18e,https://media.formula1.com/d_driver_fallback_image.png/content/dam/fom-website/drivers/P/PIEGAS01_Pierre_Gasly/piegas01.png.transform/1col/image.png,10,13
GAS,Pierre Gasly,Alpine,British,British Grand Prix,8.0,22,18,18e,https://media.formula1.com/d_driver_fallback_image.png/content/dam/fom-website/drivers/P/PIEGAS01_Pierre_Gasly/piegas01.png.transform/1col/image.png,8,6
GAS,Pierre Gasly,Alpine,Belgian,Belgian Grand Prix,1.0,22,18,18e,https://media.formula1.com/d_driver_fallback_image.png/content/dam/fom-website/drivers/P/PIEGAS01_Pierre_Gasly/piegas01.png.transform/1col/image.png,13,10
GAS,Pierre Gasly,Alpine,Hungarian,Hungarian Grand Prix,0.0,22,18,18e,https://media.formula1.com/d_driver_fallback_image.png/content/dam/fom-website/drivers/P/PIEGAS01_Pierre_Gasly/piegas01.png.transform/1col/image.png,16,19
GAS,Pierre Gasly,Alpine,Dutch,Dutch Grand Prix,0.0,22,18,18e,https://media.formula1.com/d_driver_fallback_image.png/content/dam/fom-website/drivers/P/PIEGAS01_Pierre_Gasly/piegas01.png.transform/1col/image.png,14,17
GAS,Pierre Gasly,Alpine,Italian,Italian Grand Prix,0.0,22,18,18e,https://media.formula1.com/d_driver_fallback_image.png/content/dam/fom-website/drivers/P/PIEGAS01_Pierre_Gasly/piegas01.png.transform/1col/image.png,20,16
GAS,Pierre Gasly,Alpine,Azerbaijan,Azerbaijan Grand Prix,0.0,22,18,18e,https://media.formula1.com/d_driver_fallback_image.png/content/dam/fom-website/drivers/P/PIEGAS01_Pierre_Gasly/piegas01.png.transform/1col/image.png,18,18
GAS,Pierre Gasly,Alpine,Singapore,Singapore Grand Prix,0.0,22,18,18e,https://media.formula1.com/d_driver_fallback_image.png/content/dam/fom-website/drivers/P/PIEGAS01_Pierre_Gasly/piegas01.png.transform/1col/image.png,19,19
GAS,Pierre Gasly,Alpine,United States,United States Grand Prix,0.0,22,18,18e,https://media.formula1.com/d_driver_fallback_image.png/content/dam/fom-website/drivers/P/PIEGAS01_Pierre_Gasly/piegas01.png.transform/1col/image.png,14,19
GAS,Pierre Gasly,Alpine,Mexico City,Mexico City Grand Prix,0.0,22,18,18e,https://media.formula1.com/d_driver_fallback_image.png/content/dam/fom-website/drivers/P/PIEGAS01_Pierre_Gasly/piegas01.png.transform/1col/image.png,18,15
GAS,Pierre Gasly,Alpine,São Paulo,São Paulo Grand Prix,2.0,22,18,18e,https://media.formula1.com/d_driver_fallback_image.png/content/dam/fom-website/drivers/P/PIEGAS01_Pierre_Gasly/piegas01.png.transform/1col/image.png,9,10
BOR,Gabriel Bortoleto,Kick Sauber,Australian,Australian Grand Prix,0.0,19,19,19e,https://media.formula1.com/d_driver_fallback_image.png/content/dam/fom-website/drivers/G/GABBOR01_Gabriel_Bortoleto/gabbor01.png.transform/1col/image.png,15,16
BOR,Gabriel Bortoleto,Kick Sauber,Chinese,Chinese Grand Prix,0.0,19,19,19e,https://media.formula1.com/d_driver_fallback_image.png/content/dam/fom-website/drivers/G/GABBOR01_Gabriel_Bortoleto/gabbor01.png.transform/1col/image.png,19,14
BOR,Gabriel Bortoleto,Kick Sauber,Japanese,Japanese Grand Prix,0.0,19,19,19e,https://media.formula1.com/d_driver_fallback_image.png/content/dam/fom-website/drivers/G/GABBOR01_Gabriel_Bortoleto/gabbor01.png.transform/1col/image.png,17,19
BOR,Gabriel Bortoleto,Kick Sauber,Bahrain,Bahrain Grand Prix,0.0,19,19,19e,https://media.formula1.com/d_driver_fallback_image.png/content/dam/fom-website/drivers/G/GABBOR01_Gabriel_Bortoleto/gabbor01.png.transform/1col/image.png,18,18
BOR,Gabriel Bortoleto,Kick Sauber,Saudi Arabian,Saudi Arabian Grand Prix,0.0,19,19,19e,https://media.formula1.com/d_driver_fallback_image.png/content/dam/fom-website/drivers/G/GABBOR01_Gabriel_Bortoleto/gabbor01.png.transform/1col/image.png,20,18
BOR,Gabriel Bortoleto,Kick Sauber,Miami,Miami Grand Prix,0.0,19,19,19e,https://media.formula1.com/d_driver_fallback_image.png/content/dam/fom-website/drivers/G/GABBOR01_Gabriel_Bortoleto/gabbor01.png.transform/1col/image.png,13,18
BOR,Gabriel Bortoleto,Kick Sauber,Emilia Romagna,Emilia Romagna Grand Prix,0.0,19,19,19e,https://media.formula1.com/d_driver_fallback_image.png/content/dam/fom-website/drivers/G/GABBOR01_Gabriel_Bortoleto/gabbor01.png.transform/1col/image.png,14,18
BOR,Gabriel Bortoleto,Kick Sauber,Monaco,Monaco Grand Prix,0.0,19,19,19e,https://media.formula1.com/d_driver_fallback_image.png/content/dam/fom-website/drivers/G/GABBOR01_Gabriel_Bortoleto/gabbor01.png.transform/1col/image.png,16,14
BOR,Gabriel Bortoleto,Kick Sauber,Spanish,Spanish Grand Prix,0.0,19,19,19e,https://media.formula1.com/d_driver_fallback_image.png/content/dam/fom-website/drivers/G/GABBOR01_Gabriel_Bortoleto/gabbor01.png.transform/1col/image.png,12,12
BOR,Gabriel Bortoleto,Kick Sauber,Canadian,Canadian Grand Prix,0.0,19,19,19e,https://media.formula1.com/d_driver_fallback_image.png/content/dam/fom-website/drivers/G/GABBOR01_Gabriel_Bortoleto/gabbor01.png.transform/1col/image.png,15,14
BOR,Gabriel Bortoleto,Kick Sauber,Austrian,Austrian Grand Prix,4.0,19,19,19e,https://media.formula1.com/d_driver_fallback_image.png/content/dam/fom-website/drivers/G/GABBOR01_Gabriel_Bortoleto/gabbor01.png.transform/1col/image.png,8,8
BOR,Gabriel Bortoleto,Kick Sauber,British,British Grand Prix,0.0,19,19,19e,https://media.formula1.com/d_driver_fallback_image.png/content/dam/fom-website/drivers/G/GABBOR01_Gabriel_Bortoleto/gabbor01.png.transform/1col/image.png,16,18
BOR,Gabriel Bortoleto,Kick Sauber,Belgian,Belgian Grand Prix,2.0,19,19,19e,https://media.formula1.com/d_driver_fallback_image.png/content/dam/fom-website/drivers/G/GABBOR01_Gabriel_Bortoleto/gabbor01.png.transform/1col/image.png,10,9
BOR,Gabriel Bortoleto,Kick Sauber,Hungarian,Hungarian Grand Prix,8.0,19,19,19e,https://media.formula1.com/d_driver_fallback_image.png/content/dam/fom-website/drivers/G/GABBOR01_Gabriel_Bortoleto/gabbor01.png.transform/1col/image.png,7,6
BOR,Gabriel Bortoleto,Kick Sauber,Dutch,Dutch Grand Prix,0.0,19,19,19e,https://media.formula1.com/d_driver_fallback_image.png/content/dam/fom-website/drivers/G/GABBOR01_Gabriel_Bortoleto/gabbor01.png.transform/1col/image.png,13,15
BOR,Gabriel Bortoleto,Kick Sauber,Italian,Italian Grand Prix,4.0,19,19,19e,https://media.formula1.com/d_driver_fallback_image.png/content/dam/fom-website/drivers/G/GABBOR01_Gabriel_Bortoleto/gabbor01.png.transform/1col/image.png,7,8
BOR,Gabriel Bortoleto,Kick Sauber,Azerbaijan,Azerbaijan Grand Prix,0.0,19,19,19e,https://media.formula1.com/d_driver_fallback_image.png/content/dam/fom-website/drivers/G/GABBOR01_Gabriel_Bortoleto/gabbor01.png.transform/1col/image.png,13,11
BOR,Gabriel Bortoleto,Kick Sauber,Singapore,Singapore Grand Prix,0.0,19,19,19e,https://media.formula1.com/d_driver_fallback_image.png/content/dam/fom-website/drivers/G/GABBOR01_Gabriel_Bortoleto/gabbor01.png.transform/1col/image.png,14,17
BOR,Gabriel Bortoleto,Kick Sauber,United States,United States Grand Prix,0.0,19,19,19e,https://media.formula1.com/d_driver_fallback_image.png/content/dam/fom-website/drivers/G/GABBOR01_Gabriel_Bortoleto/gabbor01.png.transform/1col/image.png,16,18
BOR,Gabriel Bortoleto,Kick Sauber,Mexico City,Mexico City Grand Prix,1.0,19,19,19e,https://media.formula1.com/d_driver_fallback_image.png/content/dam/fom-website/drivers/G/GABBOR01_Gabriel_Bortoleto/gabbor01.png.transform/1col/image.png,16,10
BOR,Gabriel Bortoleto,Kick Sauber,São Paulo,São Paulo Grand Prix,0.0,19,19,19e,https://media.formula1.com/d_driver_fallback_image.png/content/dam/fom-website/drivers/G/GABBOR01_Gabriel_Bortoleto/gabbor01.png.transform/1col/image.png,18,20
DOO,Jack Doohan,Alpine,Australian,Australian Grand Prix,0.0,0,20,20e,https://media.formula1.com/d_driver_fallback_image.png/content/dam/fom-website/drivers/J/JACDOO01_Jack_Doohan/jacdoo01.png.transform/1col/image.png,14,19
DOO,Jack Doohan,Alpine,Chinese,Chinese Grand Prix,0.0,0,20,20e,https://media.formula1.com/d_driver_fallback_image.png/content/dam/fom-website/drivers/J/JACDOO01_Jack_Doohan/jacdoo01.png.transform/1col/image.png,18,13
DOO,Jack Doohan,Alpine,Japanese,Japanese Grand Prix,0.0,0,20,20e,https://media.formula1.com/d_driver_fallback_image.png/content/dam/fom-website/drivers/J/JACDOO01_Jack_Doohan/jacdoo01.png.transform/1col/image.png,19,15
DOO,Jack Doohan,Alpine,Bahrain,Bahrain Grand Prix,0.0,0,20,20e,https://media.formula1.com/d_driver_fallback_image.png/content/dam/fom-website/drivers/J/JACDOO01_Jack_Doohan/jacdoo01.png.transform/1col/image.png,11,14
DOO,Jack Doohan,Alpine,Saudi Arabian,Saudi Arabian Grand Prix,0.0,0,20,20e,https://media.formula1.com/d_driver_fallback_image.png/content/dam/fom-website/drivers/J/JACDOO01_Jack_Doohan/jacdoo01.png.transform/1col/image.png,17,17
DOO,Jack Doohan,Alpine,Miami,Miami Grand Prix,0.0,0,20,20e,https://media.formula1.com/d_driver_fallback_image.png/content/dam/fom-website/drivers/J/JACDOO01_Jack_Doohan/jacdoo01.png.transform/1col/image.png,14,20
COL,Franco Colapinto,Alpine,Emilia Romagna,Emilia Romagna Grand Prix,0.0,0,20,20e,https://media.formula1.com/d_driver_fallback_image.png/content/dam/fom-website/drivers/F/FRACOL01_Franco_Colapinto/fracol01.png.transform/1col/image.png,16,16
COL,Franco Colapinto,Alpine,Monaco,Monaco Grand Prix,0.0,0,20,20e,https://media.formula1.com/d_driver_fallback_image.png/content/dam/fom-website/drivers/F/FRACOL01_Franco_Colapinto/fracol01.png.transform/1col/image.png,18,13
COL,Franco Colapinto,Alpine,Spanish,Spanish Grand Prix,0.0,0,20,20e,https://media.formula1.com/d_driver_fallback_image.png/content/dam/fom-website/drivers/F/FRACOL01_Franco_Colapinto/fracol01.png.transform/1col/image.png,18,15
COL,Franco Colapinto,Alpine,Canadian,Canadian Grand Prix,0.0,0,20,20e,https://media.formula1.com/d_driver_fallback_image.png/content/dam/fom-website/drivers/F/FRACOL01_Franco_Colapinto/fracol01.png.transform/1col/image.png,10,13
COL,Franco Colapinto,Alpine,Austrian,Austrian Grand Prix,0.0,0,20,20e,https://media.formula1.com/d_driver_fallback_image.png/content/dam/fom-website/drivers/F/FRACOL01_Franco_Colapinto/fracol01.png.transform/1col/image.png,14,15
COL,Franco Colapinto,Alpine,British,British Grand Prix,0.0,0,20,20e,https://media.formula1.com/d_driver_fallback_image.png/content/dam/fom-website/drivers/F/FRACOL01_Franco_Colapinto/fracol01.png.transform/1col/image.png,20,20
COL,Franco Colapinto,Alpine,Belgian,Belgian Grand Prix,0.0,0,20,20e,https://media.formula1.com/d_driver_fallback_image.png/content/dam/fom-website/drivers/F/FRACOL01_Franco_Colapinto/fracol01.png.transform/1col/image.png,15,19
COL,Franco Colapinto,Alpine,Hungarian,Hungarian Grand Prix,0.0,0,20,20e,https://media.formula1.com/d_driver_fallback_image.png/content/dam/fom-website/drivers/F/FRACOL01_Franco_Colapinto/fracol01.png.transform/1col/image.png,14,18
COL,Franco Colapinto,Alpine,Dutch,Dutch Grand Prix,0.0,0,20,20e,https://media.formula1.com/d_driver_fallback_image.png/content/dam/fom-website/drivers/F/FRACOL01_Franco_Colapinto/fracol01.png.transform/1col/image.png,16,11
COL,Franco Colapinto,Alpine,Italian,Italian Grand Prix,0.0,0,20,20e,https://media.formula1.com/d_driver_fallback_image.png/content/dam/fom-website/drivers/F/FRACOL01_Franco_Colapinto/fracol01.png.transform/1col/image.png,17,17
COL,Franco Colapinto,Alpine,Azerbaijan,Azerbaijan Grand Prix,0.0,0,20,20e,https://media.formula1.com/d_driver_fallback_image.png/content/dam/fom-website/drivers/F/FRACOL01_Franco_Colapinto/fracol01.png.transform/1col/image.png,16,19
COL,Franco Colapinto,Alpine,Singapore,Singapore Grand Prix,0.0,0,20,20e,https://media.formula1.com/d_driver_fallback_image.png/content/dam/fom-website/drivers/F/FRACOL01_Franco_Colapinto/fracol01.png.transform/1col/image.png,16,16
COL,Franco Colapinto,Alpine,United States,United States Grand Prix,0.0,0,20,20e,https://media.formula1.com/d_driver_fallback_image.png/content/dam/fom-website/drivers/F/FRACOL01_Franco_Colapinto/fracol01.png.transform/1col/image.png,15,17
COL,Franco Colapinto,Alpine,Mexico City,Mexico City Grand Prix,0.0,0,20,20e,https://media.formula1.com/d_driver_fallback_image.png/content/dam/fom-website/drivers/F/FRACOL01_Franco_Colapinto/fracol01.png.transform/1col/image.png,20,16
COL,Franco Colapinto,Alpine,São Paulo,São Paulo Grand Prix,0.0,0,20,20e,https://media.formula1.com/d_driver_fallback_image.png/content/dam/fom-website/drivers/F/FRACOL01_Franco_Colapinto/fracol01.png.transform/1col/image.png,16,15
