Driver,DriverName,Team,EventName,EventNameFull,Points,SprintPoints,TotalPoints,Rank,RankLabel,HeadshotUrl,GridPosition,FinishPosition,FinishIcon,GridGain,CumulativePoints,AvgPointsToDate,Last5Avg,AvgFinish,MedianFinish,PodiumRate,PointsRate,AvgGridGain
NOR,Lando Norris,McLaren,Australian,Australian Grand Prix,25,0,390,1,1er,https://media.formula1.com/d_driver_fallback_image.png/content/dam/fom-website/drivers/L/LANNOR01_Lando_Norris/lannor01.png.transform/1col/image.png,1,1,ðŸ¥‡,0.0,25,25.0,25.0,1.0,1.0,1.0,1.0,0.0
NOR,Lando Norris,McLaren,Chinese*,Chinese Grand Prix,19,1,390,1,1er,https://media.formula1.com/d_driver_fallback_image.png/content/dam/fom-website/drivers/L/LANNOR01_Lando_Norris/lannor01.png.transform/1col/image.png,3,2,ðŸ¥ˆ,1.0,44,22.0,22.0,1.5,1.5,1.0,1.0,0.5
NOR,Lando Norris,McLaren,Japanese,Japanese Grand Prix,18,0,390,1,1er,https://media.formula1.com/d_driver_fallback_image.png/content/dam/fom-website/drivers/L/LANNOR01_Lando_Norris/lannor01.png.transform/1col/image.png,2,2,ðŸ¥ˆ,0.0,62,20.666666666666668,20.666666666666668,1.6666666666666667,2.0,1.0,1.0,0.3333333333333333
NOR,Lando Norris,McLaren,Bahrain,Bahrain Grand Prix,15,0,390,1,1er,https://media.formula1.com/d_driver_fallback_image.png/content/dam/fom-website/drivers/L/LANNOR01_Lando_Norris/lannor01.png.transform/1col/image.png,6,3,ðŸ¥‰,3.0,77,19.25,19.25,2.0,2.0,1.0,1.0,1.0
NOR,Lando Norris,McLaren,Saudi Arabian,Saudi Arabian Grand Prix,12,0,390,1,1er,https://media.formula1.com/d_driver_fallback_image.png/content/dam/fom-website/drivers/L/LANNOR01_Lando_Norris/lannor01.png.transform/1col/image.png,10,4,,6.0,89,17.8,17.8,2.4,2.0,0.8,1.0,2.0
NOR,Lando Norris,McLaren,Miami*,Miami Grand Prix,26,8,390,1,1er,https://media.formula1.com/d_driver_fallback_image.png/content/dam/fom-website/drivers/L/LANNOR01_Lando_Norris/lannor01.png.transform/1col/image.png,2,2,ðŸ¥ˆ,0.0,115,19.166666666666668,18.0,2.3333333333333335,2.0,0.8333333333333334,1.0,1.6666666666666667
NOR,Lando Norris,McLaren,Emilia Romagna,Emilia Romagna Grand Prix,18,0,390,1,1er,https://media.formula1.com/d_driver_fallback_image.png/content/dam/fom-website/drivers/L/LANNOR01_Lando_Norris/lannor01.png.transform/1col/image.png,4,2,ðŸ¥ˆ,2.0,133,19.0,17.8,2.2857142857142856,2.0,0.8571428571428571,1.0,1.7142857142857142
NOR,Lando Norris,McLaren,Monaco,Monaco Grand Prix,25,0,390,1,1er,https://media.formula1.com/d_driver_fallback_image.png/content/dam/fom-website/drivers/L/LANNOR01_Lando_Norris/lannor01.png.transform/1col/image.png,1,1,ðŸ¥‡,0.0,158,19.75,19.2,2.125,2.0,0.875,1.0,1.5
NOR,Lando Norris,McLaren,Spanish,Spanish Grand Prix,18,0,390,1,1er,https://media.formula1.com/d_driver_fallback_image.png/content/dam/fom-website/drivers/L/LANNOR01_Lando_Norris/lannor01.png.transform/1col/image.png,2,2,ðŸ¥ˆ,0.0,176,19.555555555555557,19.8,2.111111111111111,2.0,0.8888888888888888,1.0,1.3333333333333333
NOR,Lando Norris,McLaren,Canadian,Canadian Grand Prix,0,0,390,1,1er,https://media.formula1.com/d_driver_fallback_image.png/content/dam/fom-website/drivers/L/LANNOR01_Lando_Norris/lannor01.png.transform/1col/image.png,7,18,,-11.0,176,17.6,17.4,3.7,2.0,0.8,0.9,0.1
NOR,Lando Norris,McLaren,Austrian,Austrian Grand Prix,25,0,390,1,1er,https://media.formula1.com/d_driver_fallback_image.png/content/dam/fom-website/drivers/L/LANNOR01_Lando_Norris/lannor01.png.transform/1col/image.png,1,1,ðŸ¥‡,0.0,201,18.272727272727273,17.2,3.4545454545454546,2.0,0.8181818181818182,0.9090909090909091,0.09090909090909091
NOR,Lando Norris,McLaren,British,British Grand Prix,25,0,390,1,1er,https://media.formula1.com/d_driver_fallback_image.png/content/dam/fom-website/drivers/L/LANNOR01_Lando_Norris/lannor01.png.transform/1col/image.png,3,1,ðŸ¥‡,2.0,226,18.833333333333332,18.6,3.25,2.0,0.8333333333333334,0.9166666666666666,0.25
NOR,Lando Norris,McLaren,Belgian*,Belgian Grand Prix,24,6,390,1,1er,https://media.formula1.com/d_driver_fallback_image.png/content/dam/fom-website/drivers/L/LANNOR01_Lando_Norris/lannor01.png.transform/1col/image.png,1,2,ðŸ¥ˆ,-1.0,250,19.23076923076923,18.4,3.1538461538461537,2.0,0.8461538461538461,0.9230769230769231,0.15384615384615385
NOR,Lando Norris,McLaren,Hungarian,Hungarian Grand Prix,25,0,390,1,1er,https://media.formula1.com/d_driver_fallback_image.png/content/dam/fom-website/drivers/L/LANNOR01_Lando_Norris/lannor01.png.transform/1col/image.png,3,1,ðŸ¥‡,2.0,275,19.642857142857142,19.8,3.0,2.0,0.8571428571428571,0.9285714285714286,0.2857142857142857
NOR,Lando Norris,McLaren,Dutch,Dutch Grand Prix,0,0,390,1,1er,https://media.formula1.com/d_driver_fallback_image.png/content/dam/fom-website/drivers/L/LANNOR01_Lando_Norris/lannor01.png.transform/1col/image.png,2,18,,-16.0,275,18.333333333333332,19.8,4.0,2.0,0.8,0.8666666666666667,-0.8
NOR,Lando Norris,McLaren,Italian,Italian Grand Prix,18,0,390,1,1er,https://media.formula1.com/d_driver_fallback_image.png/content/dam/fom-website/drivers/L/LANNOR01_Lando_Norris/lannor01.png.transform/1col/image.png,2,2,ðŸ¥ˆ,0.0,293,18.3125,18.4,3.875,2.0,0.8125,0.875,-0.75
NOR,Lando Norris,McLaren,Azerbaijan,Azerbaijan Grand Prix,6,0,390,1,1er,https://media.formula1.com/d_driver_fallback_image.png/content/dam/fom-website/drivers/L/LANNOR01_Lando_Norris/lannor01.png.transform/1col/image.png,7,7,,0.0,299,17.58823529411765,14.6,4.0588235294117645,2.0,0.7647058823529411,0.8823529411764706,-0.7058823529411765
NOR,Lando Norris,McLaren,Singapore,Singapore Grand Prix,15,0,390,1,1er,https://media.formula1.com/d_driver_fallback_image.png/content/dam/fom-website/drivers/L/LANNOR01_Lando_Norris/lannor01.png.transform/1col/image.png,5,3,ðŸ¥‰,2.0,314,17.444444444444443,12.8,4.0,2.0,0.7777777777777778,0.8888888888888888,-0.5555555555555556
NOR,Lando Norris,McLaren,United States*,United States Grand Prix,18,0,390,1,1er,https://media.formula1.com/d_driver_fallback_image.png/content/dam/fom-website/drivers/L/LANNOR01_Lando_Norris/lannor01.png.transform/1col/image.png,2,2,ðŸ¥ˆ,0.0,332,17.473684210526315,11.4,3.8947368421052633,2.0,0.7894736842105263,0.8947368421052632,-0.5263157894736842
NOR,Lando Norris,McLaren,Mexico City,Mexico City Grand Prix,25,0,390,1,1er,https://media.formula1.com/d_driver_fallback_image.png/content/dam/fom-website/drivers/L/LANNOR01_Lando_Norris/lannor01.png.transform/1col/image.png,1,1,ðŸ¥‡,0.0,357,17.85,16.4,3.75,2.0,0.8,0.9,-0.5
NOR,Lando Norris,McLaren,SÃ£o Paulo*,SÃ£o Paulo Grand Prix,33,8,390,1,1er,https://media.formula1.com/d_driver_fallback_image.png/content/dam/fom-website/drivers/L/LANNOR01_Lando_Norris/lannor01.png.transform/1col/image.png,1,1,ðŸ¥‡,0.0,390,18.571428571428573,19.4,3.619047619047619,2.0,0.8095238095238095,0.9047619047619048,-0.47619047619047616
PIA,Oscar Piastri,McLaren,Australian,Australian Grand Prix,2,0,366,2,2e,https://media.formula1.com/d_driver_fallback_image.png/content/dam/fom-website/drivers/O/OSCPIA01_Oscar_Piastri/oscpia01.png.transform/1col/image.png,2,9,,-7.0,2,2.0,2.0,9.0,9.0,0.0,1.0,-7.0
PIA,Oscar Piastri,McLaren,Chinese*,Chinese Grand Prix,32,7,366,2,2e,https://media.formula1.com/d_driver_fallback_image.png/content/dam/fom-website/drivers/O/OSCPIA01_Oscar_Piastri/oscpia01.png.transform/1col/image.png,1,1,ðŸ¥‡,0.0,34,17.0,17.0,5.0,5.0,0.5,1.0,-3.5
PIA,Oscar Piastri,McLaren,Japanese,Japanese Grand Prix,15,0,366,2,2e,https://media.formula1.com/d_driver_fallback_image.png/content/dam/fom-website/drivers/O/OSCPIA01_Oscar_Piastri/oscpia01.png.transform/1col/image.png,3,3,ðŸ¥‰,0.0,49,16.333333333333332,16.333333333333332,4.333333333333333,3.0,0.6666666666666666,1.0,-2.3333333333333335
PIA,Oscar Piastri,McLaren,Bahrain,Bahrain Grand Prix,25,0,366,2,2e,https://media.formula1.com/d_driver_fallback_image.png/content/dam/fom-website/drivers/O/OSCPIA01_Oscar_Piastri/oscpia01.png.transform/1col/image.png,1,1,ðŸ¥‡,0.0,74,18.5,18.5,3.5,2.0,0.75,1.0,-1.75
PIA,Oscar Piastri,McLaren,Saudi Arabian,Saudi Arabian Grand Prix,25,0,366,2,2e,https://media.formula1.com/d_driver_fallback_image.png/content/dam/fom-website/drivers/O/OSCPIA01_Oscar_Piastri/oscpia01.png.transform/1col/image.png,2,1,ðŸ¥‡,1.0,99,19.8,19.8,3.0,1.0,0.8,1.0,-1.2
PIA,Oscar Piastri,McLaren,Miami*,Miami Grand Prix,32,7,366,2,2e,https://media.formula1.com/d_driver_fallback_image.png/content/dam/fom-website/drivers/O/OSCPIA01_Oscar_Piastri/oscpia01.png.transform/1col/image.png,4,1,ðŸ¥‡,3.0,131,21.833333333333332,25.8,2.6666666666666665,1.0,0.8333333333333334,1.0,-0.5
PIA,Oscar Piastri,McLaren,Emilia Romagna,Emilia Romagna Grand Prix,15,0,366,2,2e,https://media.formula1.com/d_driver_fallback_image.png/content/dam/fom-website/drivers/O/OSCPIA01_Oscar_Piastri/oscpia01.png.transform/1col/image.png,1,3,ðŸ¥‰,-2.0,146,20.857142857142858,22.4,2.7142857142857144,1.0,0.8571428571428571,1.0,-0.7142857142857143
PIA,Oscar Piastri,McLaren,Monaco,Monaco Grand Prix,15,0,366,2,2e,https://media.formula1.com/d_driver_fallback_image.png/content/dam/fom-website/drivers/O/OSCPIA01_Oscar_Piastri/oscpia01.png.transform/1col/image.png,3,3,ðŸ¥‰,0.0,161,20.125,22.4,2.75,2.0,0.875,1.0,-0.625
PIA,Oscar Piastri,McLaren,Spanish,Spanish Grand Prix,25,0,366,2,2e,https://media.formula1.com/d_driver_fallback_image.png/content/dam/fom-website/drivers/O/OSCPIA01_Oscar_Piastri/oscpia01.png.transform/1col/image.png,1,1,ðŸ¥‡,0.0,186,20.666666666666668,22.4,2.5555555555555554,1.0,0.8888888888888888,1.0,-0.5555555555555556
PIA,Oscar Piastri,McLaren,Canadian,Canadian Grand Prix,12,0,366,2,2e,https://media.formula1.com/d_driver_fallback_image.png/content/dam/fom-website/drivers/O/OSCPIA01_Oscar_Piastri/oscpia01.png.transform/1col/image.png,3,4,,-1.0,198,19.8,19.8,2.7,2.0,0.8,1.0,-0.6
PIA,Oscar Piastri,McLaren,Austrian,Austrian Grand Prix,18,0,366,2,2e,https://media.formula1.com/d_driver_fallback_image.png/content/dam/fom-website/drivers/O/OSCPIA01_Oscar_Piastri/oscpia01.png.transform/1col/image.png,3,2,ðŸ¥ˆ,1.0,216,19.636363636363637,17.0,2.6363636363636362,2.0,0.8181818181818182,1.0,-0.45454545454545453
PIA,Oscar Piastri,McLaren,British,British Grand Prix,18,0,366,2,2e,https://media.formula1.com/d_driver_fallback_image.png/content/dam/fom-website/drivers/O/OSCPIA01_Oscar_Piastri/oscpia01.png.transform/1col/image.png,2,2,ðŸ¥ˆ,0.0,234,19.5,17.6,2.5833333333333335,2.0,0.8333333333333334,1.0,-0.4166666666666667
PIA,Oscar Piastri,McLaren,Belgian*,Belgian Grand Prix,32,7,366,2,2e,https://media.formula1.com/d_driver_fallback_image.png/content/dam/fom-website/drivers/O/OSCPIA01_Oscar_Piastri/oscpia01.png.transform/1col/image.png,2,1,ðŸ¥‡,1.0,266,20.46153846153846,21.0,2.4615384615384617,2.0,0.8461538461538461,1.0,-0.3076923076923077
PIA,Oscar Piastri,McLaren,Hungarian,Hungarian Grand Prix,18,0,366,2,2e,https://media.formula1.com/d_driver_fallback_image.png/content/dam/fom-website/drivers/O/OSCPIA01_Oscar_Piastri/oscpia01.png.transform/1col/image.png,2,2,ðŸ¥ˆ,0.0,284,20.285714285714285,19.6,2.4285714285714284,2.0,0.8571428571428571,1.0,-0.2857142857142857
PIA,Oscar Piastri,McLaren,Dutch,Dutch Grand Prix,25,0,366,2,2e,https://media.formula1.com/d_driver_fallback_image.png/content/dam/fom-website/drivers/O/OSCPIA01_Oscar_Piastri/oscpia01.png.transform/1col/image.png,1,1,ðŸ¥‡,0.0,309,20.6,22.2,2.3333333333333335,2.0,0.8666666666666667,1.0,-0.26666666666666666
PIA,Oscar Piastri,McLaren,Italian,Italian Grand Prix,15,0,366,2,2e,https://media.formula1.com/d_driver_fallback_image.png/content/dam/fom-website/drivers/O/OSCPIA01_Oscar_Piastri/oscpia01.png.transform/1col/image.png,3,3,ðŸ¥‰,0.0,324,20.25,21.6,2.375,2.0,0.875,1.0,-0.25
PIA,Oscar Piastri,McLaren,Azerbaijan,Azerbaijan Grand Prix,0,0,366,2,2e,https://media.formula1.com/d_driver_fallback_image.png/content/dam/fom-website/drivers/O/OSCPIA01_Oscar_Piastri/oscpia01.png.transform/1col/image.png,9,20,,-11.0,324,19.058823529411764,18.0,3.411764705882353,2.0,0.8235294117647058,0.9411764705882353,-0.8823529411764706
PIA,Oscar Piastri,McLaren,Singapore,Singapore Grand Prix,12,0,366,2,2e,https://media.formula1.com/d_driver_fallback_image.png/content/dam/fom-website/drivers/O/OSCPIA01_Oscar_Piastri/oscpia01.png.transform/1col/image.png,3,4,,-1.0,336,18.666666666666668,14.0,3.4444444444444446,2.0,0.7777777777777778,0.9444444444444444,-0.8888888888888888
PIA,Oscar Piastri,McLaren,United States*,United States Grand Prix,10,0,366,2,2e,https://media.formula1.com/d_driver_fallback_image.png/content/dam/fom-website/drivers/O/OSCPIA01_Oscar_Piastri/oscpia01.png.transform/1col/image.png,6,5,,1.0,346,18.210526315789473,12.4,3.526315789473684,2.0,0.7368421052631579,0.9473684210526315,-0.7894736842105263
PIA,Oscar Piastri,McLaren,Mexico City,Mexico City Grand Prix,10,0,366,2,2e,https://media.formula1.com/d_driver_fallback_image.png/content/dam/fom-website/drivers/O/OSCPIA01_Oscar_Piastri/oscpia01.png.transform/1col/image.png,7,5,,2.0,356,17.8,9.4,3.6,2.5,0.7,0.95,-0.65
PIA,Oscar Piastri,McLaren,SÃ£o Paulo*,SÃ£o Paulo Grand Prix,10,0,366,2,2e,https://media.formula1.com/d_driver_fallback_image.png/content/dam/fom-website/drivers/O/OSCPIA01_Oscar_Piastri/oscpia01.png.transform/1col/image.png,4,5,,-1.0,366,17.428571428571427,8.4,3.6666666666666665,3.0,0.6666666666666666,0.9523809523809523,-0.6666666666666666
VER,Max Verstappen,Red Bull Racing,Australian,Australian Grand Prix,18,0,341,3,3e,https://media.formula1.com/d_driver_fallback_image.png/content/dam/fom-website/drivers/M/MAXVER01_Max_Verstappen/maxver01.png.transform/1col/image.png,3,2,ðŸ¥ˆ,1.0,18,18.0,18.0,2.0,2.0,1.0,1.0,1.0
VER,Max Verstappen,Red Bull Racing,Chinese*,Chinese Grand Prix,18,6,341,3,3e,https://media.formula1.com/d_driver_fallback_image.png/content/dam/fom-website/drivers/M/MAXVER01_Max_Verstappen/maxver01.png.transform/1col/image.png,4,4,,0.0,36,18.0,18.0,3.0,3.0,0.5,1.0,0.5
VER,Max Verstappen,Red Bull Racing,Japanese,Japanese Grand Prix,25,0,341,3,3e,https://media.formula1.com/d_driver_fallback_image.png/content/dam/fom-website/drivers/M/MAXVER01_Max_Verstappen/maxver01.png.transform/1col/image.png,1,1,ðŸ¥‡,0.0,61,20.333333333333332,20.333333333333332,2.3333333333333335,2.0,0.6666666666666666,1.0,0.3333333333333333
VER,Max Verstappen,Red Bull Racing,Bahrain,Bahrain Grand Prix,8,0,341,3,3e,https://media.formula1.com/d_driver_fallback_image.png/content/dam/fom-website/drivers/M/MAXVER01_Max_Verstappen/maxver01.png.transform/1col/image.png,7,6,,1.0,69,17.25,17.25,3.25,3.0,0.5,1.0,0.5
VER,Max Verstappen,Red Bull Racing,Saudi Arabian,Saudi Arabian Grand Prix,18,0,341,3,3e,https://media.formula1.com/d_driver_fallback_image.png/content/dam/fom-website/drivers/M/MAXVER01_Max_Verstappen/maxver01.png.transform/1col/image.png,1,2,ðŸ¥ˆ,-1.0,87,17.4,17.4,3.0,2.0,0.6,1.0,0.2
VER,Max Verstappen,Red Bull Racing,Miami*,Miami Grand Prix,12,0,341,3,3e,https://media.formula1.com/d_driver_fallback_image.png/content/dam/fom-website/drivers/M/MAXVER01_Max_Verstappen/maxver01.png.transform/1col/image.png,1,4,,-3.0,99,16.5,16.2,3.1666666666666665,3.0,0.5,1.0,-0.3333333333333333
VER,Max Verstappen,Red Bull Racing,Emilia Romagna,Emilia Romagna Grand Prix,25,0,341,3,3e,https://media.formula1.com/d_driver_fallback_image.png/content/dam/fom-website/drivers/M/MAXVER01_Max_Verstappen/maxver01.png.transform/1col/image.png,2,1,ðŸ¥‡,1.0,124,17.714285714285715,17.6,2.857142857142857,2.0,0.5714285714285714,1.0,-0.14285714285714285
VER,Max Verstappen,Red Bull Racing,Monaco,Monaco Grand Prix,12,0,341,3,3e,https://media.formula1.com/d_driver_fallback_image.png/content/dam/fom-website/drivers/M/MAXVER01_Max_Verstappen/maxver01.png.transform/1col/image.png,4,4,,0.0,136,17.0,15.0,3.0,3.0,0.5,1.0,-0.125
VER,Max Verstappen,Red Bull Racing,Spanish,Spanish Grand Prix,1,0,341,3,3e,https://media.formula1.com/d_driver_fallback_image.png/content/dam/fom-website/drivers/M/MAXVER01_Max_Verstappen/maxver01.png.transform/1col/image.png,3,10,,-7.0,137,15.222222222222221,13.6,3.7777777777777777,4.0,0.4444444444444444,1.0,-0.8888888888888888
VER,Max Verstappen,Red Bull Racing,Canadian,Canadian Grand Prix,18,0,341,3,3e,https://media.formula1.com/d_driver_fallback_image.png/content/dam/fom-website/drivers/M/MAXVER01_Max_Verstappen/maxver01.png.transform/1col/image.png,2,2,ðŸ¥ˆ,0.0,155,15.5,13.6,3.6,3.0,0.5,1.0,-0.8
VER,Max Verstappen,Red Bull Racing,Austrian,Austrian Grand Prix,0,0,341,3,3e,https://media.formula1.com/d_driver_fallback_image.png/content/dam/fom-website/drivers/M/MAXVER01_Max_Verstappen/maxver01.png.transform/1col/image.png,7,18,,-11.0,155,14.090909090909092,11.2,4.909090909090909,4.0,0.45454545454545453,0.9090909090909091,-1.7272727272727273
VER,Max Verstappen,Red Bull Racing,British,British Grand Prix,10,0,341,3,3e,https://media.formula1.com/d_driver_fallback_image.png/content/dam/fom-website/drivers/M/MAXVER01_Max_Verstappen/maxver01.png.transform/1col/image.png,1,5,,-4.0,165,13.75,8.2,4.916666666666667,4.0,0.4166666666666667,0.9166666666666666,-1.9166666666666667
VER,Max Verstappen,Red Bull Racing,Belgian*,Belgian Grand Prix,20,8,341,3,3e,https://media.formula1.com/d_driver_fallback_image.png/content/dam/fom-website/drivers/M/MAXVER01_Max_Verstappen/maxver01.png.transform/1col/image.png,4,4,,0.0,185,14.23076923076923,9.8,4.846153846153846,4.0,0.38461538461538464,0.9230769230769231,-1.7692307692307692
VER,Max Verstappen,Red Bull Racing,Hungarian,Hungarian Grand Prix,2,0,341,3,3e,https://media.formula1.com/d_driver_fallback_image.png/content/dam/fom-website/drivers/M/MAXVER01_Max_Verstappen/maxver01.png.transform/1col/image.png,8,9,,-1.0,187,13.357142857142858,10.0,5.142857142857143,4.0,0.35714285714285715,0.9285714285714286,-1.7142857142857142
VER,Max Verstappen,Red Bull Racing,Dutch,Dutch Grand Prix,18,0,341,3,3e,https://media.formula1.com/d_driver_fallback_image.png/content/dam/fom-website/drivers/M/MAXVER01_Max_Verstappen/maxver01.png.transform/1col/image.png,3,2,ðŸ¥ˆ,1.0,205,13.666666666666666,10.0,4.933333333333334,4.0,0.4,0.9333333333333333,-1.5333333333333334
VER,Max Verstappen,Red Bull Racing,Italian,Italian Grand Prix,25,0,341,3,3e,https://media.formula1.com/d_driver_fallback_image.png/content/dam/fom-website/drivers/M/MAXVER01_Max_Verstappen/maxver01.png.transform/1col/image.png,1,1,ðŸ¥‡,0.0,230,14.375,15.0,4.6875,4.0,0.4375,0.9375,-1.4375
VER,Max Verstappen,Red Bull Racing,Azerbaijan,Azerbaijan Grand Prix,25,0,341,3,3e,https://media.formula1.com/d_driver_fallback_image.png/content/dam/fom-website/drivers/M/MAXVER01_Max_Verstappen/maxver01.png.transform/1col/image.png,1,1,ðŸ¥‡,0.0,255,15.0,18.0,4.470588235294118,4.0,0.47058823529411764,0.9411764705882353,-1.3529411764705883
VER,Max Verstappen,Red Bull Racing,Singapore,Singapore Grand Prix,18,0,341,3,3e,https://media.formula1.com/d_driver_fallback_image.png/content/dam/fom-website/drivers/M/MAXVER01_Max_Verstappen/maxver01.png.transform/1col/image.png,2,2,ðŸ¥ˆ,0.0,273,15.166666666666666,17.6,4.333333333333333,3.0,0.5,0.9444444444444444,-1.2777777777777777
VER,Max Verstappen,Red Bull Racing,United States*,United States Grand Prix,33,8,341,3,3e,https://media.formula1.com/d_driver_fallback_image.png/content/dam/fom-website/drivers/M/MAXVER01_Max_Verstappen/maxver01.png.transform/1col/image.png,1,1,ðŸ¥‡,0.0,306,16.105263157894736,23.8,4.157894736842105,2.0,0.5263157894736842,0.9473684210526315,-1.2105263157894737
VER,Max Verstappen,Red Bull Racing,Mexico City,Mexico City Grand Prix,15,0,341,3,3e,https://media.formula1.com/d_driver_fallback_image.png/content/dam/fom-website/drivers/M/MAXVER01_Max_Verstappen/maxver01.png.transform/1col/image.png,5,3,ðŸ¥‰,2.0,321,16.05,23.2,4.1,2.5,0.55,0.95,-1.05
VER,Max Verstappen,Red Bull Racing,SÃ£o Paulo*,SÃ£o Paulo Grand Prix,20,5,341,3,3e,https://media.formula1.com/d_driver_fallback_image.png/content/dam/fom-website/drivers/M/MAXVER01_Max_Verstappen/maxver01.png.transform/1col/image.png,19,3,ðŸ¥‰,16.0,341,16.238095238095237,22.2,4.0476190476190474,3.0,0.5714285714285714,0.9523809523809523,-0.23809523809523808
RUS,George Russell,Mercedes,Australian,Australian Grand Prix,15,0,276,4,4e,https://media.formula1.com/d_driver_fallback_image.png/content/dam/fom-website/drivers/G/GEORUS01_George_Russell/georus01.png.transform/1col/image.png,4,3,ðŸ¥‰,1.0,15,15.0,15.0,3.0,3.0,1.0,1.0,1.0
RUS,George Russell,Mercedes,Chinese*,Chinese Grand Prix,20,5,276,4,4e,https://media.formula1.com/d_driver_fallback_image.png/content/dam/fom-website/drivers/G/GEORUS01_George_Russell/georus01.png.transform/1col/image.png,2,3,ðŸ¥‰,-1.0,35,17.5,17.5,3.0,3.0,1.0,1.0,0.0
RUS,George Russell,Mercedes,Japanese,Japanese Grand Prix,10,0,276,4,4e,https://media.formula1.com/d_driver_fallback_image.png/content/dam/fom-website/drivers/G/GEORUS01_George_Russell/georus01.png.transform/1col/image.png,5,5,,0.0,45,15.0,15.0,3.6666666666666665,3.0,0.6666666666666666,1.0,0.0
RUS,George Russell,Mercedes,Bahrain,Bahrain Grand Prix,18,0,276,4,4e,https://media.formula1.com/d_driver_fallback_image.png/content/dam/fom-website/drivers/G/GEORUS01_George_Russell/georus01.png.transform/1col/image.png,3,2,ðŸ¥ˆ,1.0,63,15.75,15.75,3.25,3.0,0.75,1.0,0.25
RUS,George Russell,Mercedes,Saudi Arabian,Saudi Arabian Grand Prix,10,0,276,4,4e,https://media.formula1.com/d_driver_fallback_image.png/content/dam/fom-website/drivers/G/GEORUS01_George_Russell/georus01.png.transform/1col/image.png,3,5,,-2.0,73,14.6,14.6,3.6,3.0,0.6,1.0,-0.2
RUS,George Russell,Mercedes,Miami*,Miami Grand Prix,20,5,276,4,4e,https://media.formula1.com/d_driver_fallback_image.png/content/dam/fom-website/drivers/G/GEORUS01_George_Russell/georus01.png.transform/1col/image.png,5,3,ðŸ¥‰,2.0,93,15.5,15.6,3.5,3.0,0.6666666666666666,1.0,0.16666666666666666
RUS,George Russell,Mercedes,Emilia Romagna,Emilia Romagna Grand Prix,6,0,276,4,4e,https://media.formula1.com/d_driver_fallback_image.png/content/dam/fom-website/drivers/G/GEORUS01_George_Russell/georus01.png.transform/1col/image.png,3,7,,-4.0,99,14.142857142857142,12.8,4.0,3.0,0.5714285714285714,1.0,-0.42857142857142855
RUS,George Russell,Mercedes,Monaco,Monaco Grand Prix,0,0,276,4,4e,https://media.formula1.com/d_driver_fallback_image.png/content/dam/fom-website/drivers/G/GEORUS01_George_Russell/georus01.png.transform/1col/image.png,14,11,,3.0,99,12.375,10.8,4.875,4.0,0.5,0.875,0.0
RUS,George Russell,Mercedes,Spanish,Spanish Grand Prix,12,0,276,4,4e,https://media.formula1.com/d_driver_fallback_image.png/content/dam/fom-website/drivers/G/GEORUS01_George_Russell/georus01.png.transform/1col/image.png,4,4,,0.0,111,12.333333333333334,9.6,4.777777777777778,4.0,0.4444444444444444,0.8888888888888888,0.0
RUS,George Russell,Mercedes,Canadian,Canadian Grand Prix,25,0,276,4,4e,https://media.formula1.com/d_driver_fallback_image.png/content/dam/fom-website/drivers/G/GEORUS01_George_Russell/georus01.png.transform/1col/image.png,1,1,ðŸ¥‡,0.0,136,13.6,12.6,4.4,3.5,0.5,0.9,0.0
RUS,George Russell,Mercedes,Austrian,Austrian Grand Prix,10,0,276,4,4e,https://media.formula1.com/d_driver_fallback_image.png/content/dam/fom-website/drivers/G/GEORUS01_George_Russell/georus01.png.transform/1col/image.png,5,5,,0.0,146,13.272727272727273,10.6,4.454545454545454,4.0,0.45454545454545453,0.9090909090909091,0.0
RUS,George Russell,Mercedes,British,British Grand Prix,1,0,276,4,4e,https://media.formula1.com/d_driver_fallback_image.png/content/dam/fom-website/drivers/G/GEORUS01_George_Russell/georus01.png.transform/1col/image.png,4,10,,-6.0,147,12.25,9.6,4.916666666666667,4.5,0.4166666666666667,0.9166666666666666,-0.5
RUS,George Russell,Mercedes,Belgian*,Belgian Grand Prix,10,0,276,4,4e,https://media.formula1.com/d_driver_fallback_image.png/content/dam/fom-website/drivers/G/GEORUS01_George_Russell/georus01.png.transform/1col/image.png,6,5,,1.0,157,12.076923076923077,11.6,4.923076923076923,5.0,0.38461538461538464,0.9230769230769231,-0.38461538461538464
RUS,George Russell,Mercedes,Hungarian,Hungarian Grand Prix,15,0,276,4,4e,https://media.formula1.com/d_driver_fallback_image.png/content/dam/fom-website/drivers/G/GEORUS01_George_Russell/georus01.png.transform/1col/image.png,4,3,ðŸ¥‰,1.0,172,12.285714285714286,12.2,4.785714285714286,4.5,0.42857142857142855,0.9285714285714286,-0.2857142857142857
RUS,George Russell,Mercedes,Dutch,Dutch Grand Prix,12,0,276,4,4e,https://media.formula1.com/d_driver_fallback_image.png/content/dam/fom-website/drivers/G/GEORUS01_George_Russell/georus01.png.transform/1col/image.png,5,4,,1.0,184,12.266666666666667,9.6,4.733333333333333,4.0,0.4,0.9333333333333333,-0.2
RUS,George Russell,Mercedes,Italian,Italian Grand Prix,10,0,276,4,4e,https://media.formula1.com/d_driver_fallback_image.png/content/dam/fom-website/drivers/G/GEORUS01_George_Russell/georus01.png.transform/1col/image.png,5,5,,0.0,194,12.125,9.6,4.75,4.5,0.375,0.9375,-0.1875
RUS,George Russell,Mercedes,Azerbaijan,Azerbaijan Grand Prix,18,0,276,4,4e,https://media.formula1.com/d_driver_fallback_image.png/content/dam/fom-website/drivers/G/GEORUS01_George_Russell/georus01.png.transform/1col/image.png,5,2,ðŸ¥ˆ,3.0,212,12.470588235294118,13.0,4.588235294117647,4.0,0.4117647058823529,0.9411764705882353,0.0
RUS,George Russell,Mercedes,Singapore,Singapore Grand Prix,25,0,276,4,4e,https://media.formula1.com/d_driver_fallback_image.png/content/dam/fom-website/drivers/G/GEORUS01_George_Russell/georus01.png.transform/1col/image.png,1,1,ðŸ¥‡,0.0,237,13.166666666666666,16.0,4.388888888888889,4.0,0.4444444444444444,0.9444444444444444,0.0
RUS,George Russell,Mercedes,United States*,United States Grand Prix,15,7,276,4,4e,https://media.formula1.com/d_driver_fallback_image.png/content/dam/fom-website/drivers/G/GEORUS01_George_Russell/georus01.png.transform/1col/image.png,4,6,,-2.0,252,13.263157894736842,16.0,4.473684210526316,4.0,0.42105263157894735,0.9473684210526315,-0.10526315789473684
RUS,George Russell,Mercedes,Mexico City,Mexico City Grand Prix,6,0,276,4,4e,https://media.formula1.com/d_driver_fallback_image.png/content/dam/fom-website/drivers/G/GEORUS01_George_Russell/georus01.png.transform/1col/image.png,4,7,,-3.0,258,12.9,14.8,4.6,4.5,0.4,0.95,-0.25
RUS,George Russell,Mercedes,SÃ£o Paulo*,SÃ£o Paulo Grand Prix,18,6,276,4,4e,https://media.formula1.com/d_driver_fallback_image.png/content/dam/fom-website/drivers/G/GEORUS01_George_Russell/georus01.png.transform/1col/image.png,6,4,,2.0,276,13.142857142857142,16.4,4.571428571428571,4.0,0.38095238095238093,0.9523809523809523,-0.14285714285714285
LEC,Charles Leclerc,Ferrari,Australian,Australian Grand Prix,4,0,214,5,5e,https://media.formula1.com/d_driver_fallback_image.png/content/dam/fom-website/drivers/C/CHALEC01_Charles_Leclerc/chalec01.png.transform/1col/image.png,7,8,,-1.0,4,4.0,4.0,8.0,8.0,0.0,1.0,-1.0
LEC,Charles Leclerc,Ferrari,Chinese*,Chinese Grand Prix,4,4,214,5,5e,https://media.formula1.com/d_driver_fallback_image.png/content/dam/fom-website/drivers/C/CHALEC01_Charles_Leclerc/chalec01.png.transform/1col/image.png,6,18,,-12.0,8,4.0,4.0,13.0,13.0,0.0,1.0,-6.5
LEC,Charles Leclerc,Ferrari,Japanese,Japanese Grand Prix,12,0,214,5,5e,https://media.formula1.com/d_driver_fallback_image.png/content/dam/fom-website/drivers/C/CHALEC01_Charles_Leclerc/chalec01.png.transform/1col/image.png,4,4,,0.0,20,6.666666666666667,6.666666666666667,10.0,8.0,0.0,1.0,-4.333333333333333
LEC,Charles Leclerc,Ferrari,Bahrain,Bahrain Grand Prix,12,0,214,5,5e,https://media.formula1.com/d_driver_fallback_image.png/content/dam/fom-website/drivers/C/CHALEC01_Charles_Leclerc/chalec01.png.transform/1col/image.png,2,4,,-2.0,32,8.0,8.0,8.5,6.0,0.0,1.0,-3.75
LEC,Charles Leclerc,Ferrari,Saudi Arabian,Saudi Arabian Grand Prix,15,0,214,5,5e,https://media.formula1.com/d_driver_fallback_image.png/content/dam/fom-website/drivers/C/CHALEC01_Charles_Leclerc/chalec01.png.transform/1col/image.png,4,3,ðŸ¥‰,1.0,47,9.4,9.4,7.4,4.0,0.2,1.0,-2.8
LEC,Charles Leclerc,Ferrari,Miami*,Miami Grand Prix,6,0,214,5,5e,https://media.formula1.com/d_driver_fallback_image.png/content/dam/fom-website/drivers/C/CHALEC01_Charles_Leclerc/chalec01.png.transform/1col/image.png,8,7,,1.0,53,8.833333333333334,9.8,7.333333333333333,5.5,0.16666666666666666,1.0,-2.1666666666666665
LEC,Charles Leclerc,Ferrari,Emilia Romagna,Emilia Romagna Grand Prix,8,0,214,5,5e,https://media.formula1.com/d_driver_fallback_image.png/content/dam/fom-website/drivers/C/CHALEC01_Charles_Leclerc/chalec01.png.transform/1col/image.png,11,6,,5.0,61,8.714285714285714,10.6,7.142857142857143,6.0,0.14285714285714285,1.0,-1.1428571428571428
LEC,Charles Leclerc,Ferrari,Monaco,Monaco Grand Prix,18,0,214,5,5e,https://media.formula1.com/d_driver_fallback_image.png/content/dam/fom-website/drivers/C/CHALEC01_Charles_Leclerc/chalec01.png.transform/1col/image.png,2,2,ðŸ¥ˆ,0.0,79,9.875,11.8,6.5,5.0,0.25,1.0,-1.0
LEC,Charles Leclerc,Ferrari,Spanish,Spanish Grand Prix,15,0,214,5,5e,https://media.formula1.com/d_driver_fallback_image.png/content/dam/fom-website/drivers/C/CHALEC01_Charles_Leclerc/chalec01.png.transform/1col/image.png,7,3,ðŸ¥‰,4.0,94,10.444444444444445,12.4,6.111111111111111,4.0,0.3333333333333333,1.0,-0.4444444444444444
LEC,Charles Leclerc,Ferrari,Canadian,Canadian Grand Prix,10,0,214,5,5e,https://media.formula1.com/d_driver_fallback_image.png/content/dam/fom-website/drivers/C/CHALEC01_Charles_Leclerc/chalec01.png.transform/1col/image.png,8,5,,3.0,104,10.4,11.4,6.0,4.5,0.3,1.0,-0.1
LEC,Charles Leclerc,Ferrari,Austrian,Austrian Grand Prix,15,0,214,5,5e,https://media.formula1.com/d_driver_fallback_image.png/content/dam/fom-website/drivers/C/CHALEC01_Charles_Leclerc/chalec01.png.transform/1col/image.png,2,3,ðŸ¥‰,-1.0,119,10.818181818181818,13.2,5.7272727272727275,4.0,0.36363636363636365,1.0,-0.18181818181818182
LEC,Charles Leclerc,Ferrari,British,British Grand Prix,0,0,214,5,5e,https://media.formula1.com/d_driver_fallback_image.png/content/dam/fom-website/drivers/C/CHALEC01_Charles_Leclerc/chalec01.png.transform/1col/image.png,6,14,,-8.0,119,9.916666666666666,11.6,6.416666666666667,4.5,0.3333333333333333,0.9166666666666666,-0.8333333333333334
LEC,Charles Leclerc,Ferrari,Belgian*,Belgian Grand Prix,20,5,214,5,5e,https://media.formula1.com/d_driver_fallback_image.png/content/dam/fom-website/drivers/C/CHALEC01_Charles_Leclerc/chalec01.png.transform/1col/image.png,3,3,ðŸ¥‰,0.0,139,10.692307692307692,12.0,6.153846153846154,4.0,0.38461538461538464,0.9230769230769231,-0.7692307692307693
LEC,Charles Leclerc,Ferrari,Hungarian,Hungarian Grand Prix,12,0,214,5,5e,https://media.formula1.com/d_driver_fallback_image.png/content/dam/fom-website/drivers/C/CHALEC01_Charles_Leclerc/chalec01.png.transform/1col/image.png,1,4,,-3.0,151,10.785714285714286,11.4,6.0,4.0,0.35714285714285715,0.9285714285714286,-0.9285714285714286
LEC,Charles Leclerc,Ferrari,Dutch,Dutch Grand Prix,0,0,214,5,5e,https://media.formula1.com/d_driver_fallback_image.png/content/dam/fom-website/drivers/C/CHALEC01_Charles_Leclerc/chalec01.png.transform/1col/image.png,6,19,,-13.0,151,10.066666666666666,9.4,6.866666666666666,4.0,0.3333333333333333,0.8666666666666667,-1.7333333333333334
LEC,Charles Leclerc,Ferrari,Italian,Italian Grand Prix,12,0,214,5,5e,https://media.formula1.com/d_driver_fallback_image.png/content/dam/fom-website/drivers/C/CHALEC01_Charles_Leclerc/chalec01.png.transform/1col/image.png,4,4,,0.0,163,10.1875,8.8,6.6875,4.0,0.3125,0.875,-1.625
LEC,Charles Leclerc,Ferrari,Azerbaijan,Azerbaijan Grand Prix,2,0,214,5,5e,https://media.formula1.com/d_driver_fallback_image.png/content/dam/fom-website/drivers/C/CHALEC01_Charles_Leclerc/chalec01.png.transform/1col/image.png,10,9,,1.0,165,9.705882352941176,9.2,6.823529411764706,4.0,0.29411764705882354,0.8823529411764706,-1.4705882352941178
LEC,Charles Leclerc,Ferrari,Singapore,Singapore Grand Prix,8,0,214,5,5e,https://media.formula1.com/d_driver_fallback_image.png/content/dam/fom-website/drivers/C/CHALEC01_Charles_Leclerc/chalec01.png.transform/1col/image.png,7,6,,1.0,173,9.61111111111111,6.8,6.777777777777778,4.5,0.2777777777777778,0.8888888888888888,-1.3333333333333333
LEC,Charles Leclerc,Ferrari,United States*,United States Grand Prix,19,4,214,5,5e,https://media.formula1.com/d_driver_fallback_image.png/content/dam/fom-website/drivers/C/CHALEC01_Charles_Leclerc/chalec01.png.transform/1col/image.png,3,3,ðŸ¥‰,0.0,192,10.105263157894736,8.2,6.578947368421052,4.0,0.3157894736842105,0.8947368421052632,-1.263157894736842
LEC,Charles Leclerc,Ferrari,Mexico City,Mexico City Grand Prix,18,0,214,5,5e,https://media.formula1.com/d_driver_fallback_image.png/content/dam/fom-website/drivers/C/CHALEC01_Charles_Leclerc/chalec01.png.transform/1col/image.png,2,2,ðŸ¥ˆ,0.0,210,10.5,11.8,6.35,4.0,0.35,0.9,-1.2
LEC,Charles Leclerc,Ferrari,SÃ£o Paulo*,SÃ£o Paulo Grand Prix,4,4,214,5,5e,https://media.formula1.com/d_driver_fallback_image.png/content/dam/fom-website/drivers/C/CHALEC01_Charles_Leclerc/chalec01.png.transform/1col/image.png,3,19,,-16.0,214,10.19047619047619,10.2,6.9523809523809526,4.0,0.3333333333333333,0.9047619047619048,-1.9047619047619047
HAM,Lewis Hamilton,Ferrari,Australian,Australian Grand Prix,1,0,148,6,6e,https://media.formula1.com/d_driver_fallback_image.png/content/dam/fom-website/drivers/L/LEWHAM01_Lewis_Hamilton/lewham01.png.transform/1col/image.png,8,10,,-2.0,1,1.0,1.0,10.0,10.0,0.0,1.0,-2.0
HAM,Lewis Hamilton,Ferrari,Chinese*,Chinese Grand Prix,8,8,148,6,6e,https://media.formula1.com/d_driver_fallback_image.png/content/dam/fom-website/drivers/L/LEWHAM01_Lewis_Hamilton/lewham01.png.transform/1col/image.png,5,19,,-14.0,9,4.5,4.5,14.5,14.5,0.0,1.0,-8.0
HAM,Lewis Hamilton,Ferrari,Japanese,Japanese Grand Prix,6,0,148,6,6e,https://media.formula1.com/d_driver_fallback_image.png/content/dam/fom-website/drivers/L/LEWHAM01_Lewis_Hamilton/lewham01.png.transform/1col/image.png,8,7,,1.0,15,5.0,5.0,12.0,10.0,0.0,1.0,-5.0
HAM,Lewis Hamilton,Ferrari,Bahrain,Bahrain Grand Prix,10,0,148,6,6e,https://media.formula1.com/d_driver_fallback_image.png/content/dam/fom-website/drivers/L/LEWHAM01_Lewis_Hamilton/lewham01.png.transform/1col/image.png,9,5,,4.0,25,6.25,6.25,10.25,8.5,0.0,1.0,-2.75
HAM,Lewis Hamilton,Ferrari,Saudi Arabian,Saudi Arabian Grand Prix,6,0,148,6,6e,https://media.formula1.com/d_driver_fallback_image.png/content/dam/fom-website/drivers/L/LEWHAM01_Lewis_Hamilton/lewham01.png.transform/1col/image.png,7,7,,0.0,31,6.2,6.2,9.6,7.0,0.0,1.0,-2.2
HAM,Lewis Hamilton,Ferrari,Miami*,Miami Grand Prix,10,6,148,6,6e,https://media.formula1.com/d_driver_fallback_image.png/content/dam/fom-website/drivers/L/LEWHAM01_Lewis_Hamilton/lewham01.png.transform/1col/image.png,12,8,,4.0,41,6.833333333333333,8.0,9.333333333333334,7.5,0.0,1.0,-1.1666666666666667
HAM,Lewis Hamilton,Ferrari,Emilia Romagna,Emilia Romagna Grand Prix,12,0,148,6,6e,https://media.formula1.com/d_driver_fallback_image.png/content/dam/fom-website/drivers/L/LEWHAM01_Lewis_Hamilton/lewham01.png.transform/1col/image.png,12,4,,8.0,53,7.571428571428571,8.8,8.571428571428571,7.0,0.0,1.0,0.14285714285714285
HAM,Lewis Hamilton,Ferrari,Monaco,Monaco Grand Prix,10,0,148,6,6e,https://media.formula1.com/d_driver_fallback_image.png/content/dam/fom-website/drivers/L/LEWHAM01_Lewis_Hamilton/lewham01.png.transform/1col/image.png,7,5,,2.0,63,7.875,9.6,8.125,7.0,0.0,1.0,0.375
HAM,Lewis Hamilton,Ferrari,Spanish,Spanish Grand Prix,8,0,148,6,6e,https://media.formula1.com/d_driver_fallback_image.png/content/dam/fom-website/drivers/L/LEWHAM01_Lewis_Hamilton/lewham01.png.transform/1col/image.png,5,6,,-1.0,71,7.888888888888889,9.2,7.888888888888889,7.0,0.0,1.0,0.2222222222222222
HAM,Lewis Hamilton,Ferrari,Canadian,Canadian Grand Prix,8,0,148,6,6e,https://media.formula1.com/d_driver_fallback_image.png/content/dam/fom-website/drivers/L/LEWHAM01_Lewis_Hamilton/lewham01.png.transform/1col/image.png,5,6,,-1.0,79,7.9,9.6,7.7,6.5,0.0,1.0,0.1
HAM,Lewis Hamilton,Ferrari,Austrian,Austrian Grand Prix,12,0,148,6,6e,https://media.formula1.com/d_driver_fallback_image.png/content/dam/fom-website/drivers/L/LEWHAM01_Lewis_Hamilton/lewham01.png.transform/1col/image.png,4,4,,0.0,91,8.272727272727273,10.0,7.363636363636363,6.0,0.0,1.0,0.09090909090909091
HAM,Lewis Hamilton,Ferrari,British,British Grand Prix,12,0,148,6,6e,https://media.formula1.com/d_driver_fallback_image.png/content/dam/fom-website/drivers/L/LEWHAM01_Lewis_Hamilton/lewham01.png.transform/1col/image.png,5,4,,1.0,103,8.583333333333334,10.0,7.083333333333333,6.0,0.0,1.0,0.16666666666666666
HAM,Lewis Hamilton,Ferrari,Belgian*,Belgian Grand Prix,6,0,148,6,6e,https://media.formula1.com/d_driver_fallback_image.png/content/dam/fom-website/drivers/L/LEWHAM01_Lewis_Hamilton/lewham01.png.transform/1col/image.png,18,7,,11.0,109,8.384615384615385,9.2,7.076923076923077,6.0,0.0,1.0,1.0
HAM,Lewis Hamilton,Ferrari,Hungarian,Hungarian Grand Prix,0,0,148,6,6e,https://media.formula1.com/d_driver_fallback_image.png/content/dam/fom-website/drivers/L/LEWHAM01_Lewis_Hamilton/lewham01.png.transform/1col/image.png,12,12,,0.0,109,7.785714285714286,7.6,7.428571428571429,6.5,0.0,0.9285714285714286,0.9285714285714286
HAM,Lewis Hamilton,Ferrari,Dutch,Dutch Grand Prix,0,0,148,6,6e,https://media.formula1.com/d_driver_fallback_image.png/content/dam/fom-website/drivers/L/LEWHAM01_Lewis_Hamilton/lewham01.png.transform/1col/image.png,7,20,,-13.0,109,7.266666666666667,6.0,8.266666666666667,7.0,0.0,0.8666666666666667,0.0
HAM,Lewis Hamilton,Ferrari,Italian,Italian Grand Prix,8,0,148,6,6e,https://media.formula1.com/d_driver_fallback_image.png/content/dam/fom-website/drivers/L/LEWHAM01_Lewis_Hamilton/lewham01.png.transform/1col/image.png,10,6,,4.0,117,7.3125,5.2,8.125,6.5,0.0,0.875,0.25
HAM,Lewis Hamilton,Ferrari,Azerbaijan,Azerbaijan Grand Prix,4,0,148,6,6e,https://media.formula1.com/d_driver_fallback_image.png/content/dam/fom-website/drivers/L/LEWHAM01_Lewis_Hamilton/lewham01.png.transform/1col/image.png,12,8,,4.0,121,7.117647058823529,3.6,8.117647058823529,7.0,0.0,0.8823529411764706,0.47058823529411764
HAM,Lewis Hamilton,Ferrari,Singapore,Singapore Grand Prix,4,0,148,6,6e,https://media.formula1.com/d_driver_fallback_image.png/content/dam/fom-website/drivers/L/LEWHAM01_Lewis_Hamilton/lewham01.png.transform/1col/image.png,6,8,,-2.0,125,6.944444444444445,3.2,8.11111111111111,7.0,0.0,0.8888888888888888,0.3333333333333333
HAM,Lewis Hamilton,Ferrari,United States*,United States Grand Prix,17,5,148,6,6e,https://media.formula1.com/d_driver_fallback_image.png/content/dam/fom-website/drivers/L/LEWHAM01_Lewis_Hamilton/lewham01.png.transform/1col/image.png,5,4,,1.0,142,7.473684210526316,6.6,7.894736842105263,7.0,0.0,0.8947368421052632,0.3684210526315789
HAM,Lewis Hamilton,Ferrari,Mexico City,Mexico City Grand Prix,4,0,148,6,6e,https://media.formula1.com/d_driver_fallback_image.png/content/dam/fom-website/drivers/L/LEWHAM01_Lewis_Hamilton/lewham01.png.transform/1col/image.png,3,8,,-5.0,146,7.3,7.4,7.9,7.0,0.0,0.9,0.1
HAM,Lewis Hamilton,Ferrari,SÃ£o Paulo*,SÃ£o Paulo Grand Prix,2,2,148,6,6e,https://media.formula1.com/d_driver_fallback_image.png/content/dam/fom-website/drivers/L/LEWHAM01_Lewis_Hamilton/lewham01.png.transform/1col/image.png,13,18,,-5.0,148,7.0476190476190474,6.2,8.380952380952381,7.0,0.0,0.9047619047619048,-0.14285714285714285
